,filename,width,height,depth,xmin,ymin,xmax,ymax,name
0,cardboard172.jpg,512,384,3,88,35,437,371,cardboard
1,cardboard173.jpg,512,384,3,57,97,390,332,cardboard
2,cardboard174.jpg,512,384,3,1,8,486,384,cardboard
3,cardboard175.jpg,512,384,3,27,1,498,384,cardboard
4,cardboard176.jpg,512,384,3,2,2,471,384,cardboard
5,cardboard177.jpg,512,384,3,1,1,467,384,cardboard
6,cardboard178.jpg,512,384,3,1,3,382,384,cardboard
7,cardboard179.jpg,512,384,3,55,25,420,384,cardboard
8,cardboard18.jpg,512,384,3,2,1,512,383,cardboard
9,cardboard180.jpg,512,384,3,1,28,455,384,cardboard
10,cardboard181.jpg,512,384,3,1,1,482,384,cardboard
11,cardboard182.jpg,512,384,3,1,2,461,384,cardboard
12,cardboard183.jpg,512,384,3,32,1,512,382,cardboard
13,cardboard184.jpg,512,384,3,14,12,512,313,cardboard
14,cardboard185.jpg,512,384,3,5,55,512,338,cardboard
15,cardboard186.jpg,512,384,3,1,25,504,369,cardboard
16,cardboard187.jpg,512,384,3,13,1,437,384,cardboard
17,cardboard188.jpg,512,384,3,79,1,412,384,cardboard
18,cardboard189.jpg,512,384,3,1,2,444,384,cardboard
19,cardboard19.jpg,512,384,3,22,1,512,383,cardboard
20,cardboard190.jpg,512,384,3,29,22,471,373,cardboard
21,cardboard191.jpg,512,384,3,16,1,502,384,cardboard
22,cardboard192.jpg,512,384,3,1,1,512,382,cardboard
23,cardboard193.jpg,512,384,3,1,27,495,325,cardboard
24,cardboard194.jpg,512,384,3,8,37,505,331,cardboard
25,cardboard195.jpg,512,384,3,57,1,435,384,cardboard
26,cardboard196.jpg,512,384,3,81,1,512,379,cardboard
27,cardboard197.jpg,512,384,3,1,55,487,384,cardboard
28,cardboard198.jpg,512,384,3,1,1,448,384,cardboard
29,cardboard199.jpg,512,384,3,4,32,458,320,cardboard
30,cardboard2.jpg,512,384,3,1,4,512,382,cardboard
31,cardboard20.jpg,512,384,3,1,2,512,381,cardboard
32,cardboard200.jpg,512,384,3,14,46,512,382,cardboard
33,cardboard201.jpg,512,384,3,59,2,411,371,cardboard
34,cardboard202.jpg,512,384,3,101,1,345,384,cardboard
35,cardboard203.jpg,512,384,3,98,34,420,384,cardboard
36,cardboard204.jpg,512,384,3,35,10,425,384,cardboard
37,cardboard205.jpg,512,384,3,19,3,402,368,cardboard
38,cardboard206.jpg,512,384,3,1,2,454,384,cardboard
39,cardboard207.jpg,512,384,3,36,4,480,384,cardboard
40,cardboard208.jpg,512,384,3,8,41,512,315,cardboard
41,cardboard209.jpg,512,384,3,1,24,498,384,cardboard
42,cardboard21.jpg,512,384,3,1,1,512,383,cardboard
43,cardboard210.jpg,512,384,3,1,1,458,383,cardboard
44,cardboard211.jpg,512,384,3,4,40,491,357,cardboard
45,cardboard212.jpg,512,384,3,66,2,387,380,cardboard
46,cardboard213.jpg,512,384,3,22,17,389,384,cardboard
47,cardboard214.jpg,512,384,3,102,3,324,384,cardboard
48,cardboard215.jpg,512,384,3,25,33,375,348,cardboard
49,cardboard216.jpg,512,384,3,122,96,327,286,cardboard
50,cardboard217.jpg,512,384,3,117,98,342,311,cardboard
51,cardboard218.jpg,512,384,3,90,79,284,320,cardboard
52,cardboard219.jpg,512,384,3,16,6,342,375,cardboard
53,cardboard22.jpg,512,384,3,1,1,512,383,cardboard
54,cardboard220.jpg,512,384,3,33,68,301,369,cardboard
55,cardboard221.jpg,512,384,3,2,2,512,383,cardboard
56,cardboard222.jpg,512,384,3,2,1,511,384,cardboard
57,cardboard223.jpg,512,384,3,1,1,512,382,cardboard
58,cardboard224.jpg,512,384,3,1,2,512,382,cardboard
59,cardboard225.jpg,512,384,3,1,2,512,382,cardboard
60,cardboard226.jpg,512,384,3,1,2,512,382,cardboard
61,cardboard227.jpg,512,384,3,1,1,512,380,cardboard
62,cardboard228.jpg,512,384,3,1,1,471,384,cardboard
63,cardboard229.jpg,512,384,3,1,1,492,303,cardboard
64,cardboard23.jpg,512,384,3,1,2,512,383,cardboard
65,cardboard230.jpg,512,384,3,2,2,512,383,cardboard
66,cardboard231.jpg,512,384,3,1,1,512,383,cardboard
67,cardboard232.jpg,512,384,3,1,1,512,381,cardboard
68,cardboard233.jpg,512,384,3,1,1,512,381,cardboard
69,cardboard234.jpg,512,384,3,1,1,512,383,cardboard
70,cardboard235.jpg,512,384,3,1,1,510,384,cardboard
71,cardboard236.jpg,512,384,3,1,1,511,384,cardboard
72,cardboard237.jpg,512,384,3,1,4,512,383,cardboard
73,cardboard238.jpg,512,384,3,71,45,458,335,cardboard
74,cardboard239.jpg,512,384,3,1,2,512,381,cardboard
75,cardboard24.jpg,512,384,3,1,1,511,384,cardboard
76,cardboard240.jpg,512,384,3,1,1,512,383,cardboard
77,cardboard241.jpg,512,384,3,1,1,512,383,cardboard
78,cardboard242.jpg,512,384,3,1,1,512,383,cardboard
79,cardboard243.jpg,512,384,3,1,2,512,383,cardboard
80,cardboard244.jpg,512,384,3,1,2,512,383,cardboard
81,cardboard245.jpg,512,384,3,2,1,512,383,cardboard
82,cardboard246.jpg,512,384,3,18,2,511,384,cardboard
83,cardboard247.jpg,512,384,3,1,2,512,383,cardboard
84,cardboard248.jpg,512,384,3,1,1,512,382,cardboard
85,cardboard249.jpg,512,384,3,1,1,512,383,cardboard
86,cardboard25.jpg,512,384,3,1,2,512,383,cardboard
87,cardboard250.jpg,512,384,3,1,1,511,384,cardboard
88,cardboard251.jpg,512,384,3,1,1,512,382,cardboard
89,cardboard252.jpg,512,384,3,1,1,512,382,cardboard
90,cardboard253.jpg,512,384,3,1,1,512,381,cardboard
91,cardboard254.jpg,512,384,3,1,1,505,384,cardboard
92,cardboard255.jpg,512,384,3,1,1,512,382,cardboard
93,cardboard256.jpg,512,384,3,1,2,511,384,cardboard
94,cardboard257.jpg,512,384,3,2,1,476,384,cardboard
95,cardboard258.jpg,512,384,3,1,1,512,383,cardboard
96,cardboard259.jpg,512,384,3,1,1,512,383,cardboard
97,cardboard26.jpg,512,384,3,3,84,512,381,cardboard
98,cardboard260.jpg,512,384,3,1,1,512,381,cardboard
99,cardboard261.jpg,512,384,3,1,1,511,384,cardboard
100,cardboard262.jpg,512,384,3,1,1,511,384,cardboard
101,cardboard263.jpg,512,384,3,1,1,512,383,cardboard
102,cardboard264.jpg,512,384,3,1,1,512,382,cardboard
103,cardboard265.jpg,512,384,3,1,1,511,384,cardboard
104,cardboard266.jpg,512,384,3,1,2,512,382,cardboard
105,cardboard267.jpg,512,384,3,1,2,512,381,cardboard
106,cardboard268.jpg,512,384,3,1,1,512,383,cardboard
107,cardboard269.jpg,512,384,3,1,1,511,384,cardboard
108,cardboard27.jpg,512,384,3,1,1,510,384,cardboard
109,cardboard270.jpg,512,384,3,1,1,510,384,cardboard
110,cardboard271.jpg,512,384,3,1,1,512,382,cardboard
111,cardboard272.jpg,512,384,3,1,1,512,383,cardboard
112,cardboard273.jpg,512,384,3,1,1,512,383,cardboard
113,cardboard274.jpg,512,384,3,1,1,512,383,cardboard
114,cardboard275.jpg,512,384,3,11,3,512,316,cardboard
115,cardboard276.jpg,512,384,3,1,2,511,384,cardboard
116,cardboard277.jpg,512,384,3,1,1,511,384,cardboard
117,cardboard278.jpg,512,384,3,1,1,512,383,cardboard
118,cardboard279.jpg,512,384,3,1,1,512,383,cardboard
119,cardboard28.jpg,512,384,3,4,154,512,381,cardboard
120,cardboard280.jpg,512,384,3,1,1,512,383,cardboard
121,cardboard281.jpg,512,384,3,1,1,512,382,cardboard
122,cardboard282.jpg,512,384,3,1,1,512,382,cardboard
123,cardboard283.jpg,512,384,3,1,1,512,383,cardboard
124,cardboard284.jpg,512,384,3,1,1,511,384,cardboard
125,cardboard285.jpg,512,384,3,1,1,512,383,cardboard
126,cardboard286.jpg,512,384,3,56,15,512,382,cardboard
127,cardboard287.jpg,512,384,3,1,1,512,383,cardboard
128,cardboard288.jpg,512,384,3,32,1,511,384,cardboard
129,cardboard289.jpg,512,384,3,1,1,511,384,cardboard
130,cardboard29.jpg,512,384,3,2,1,512,383,cardboard
131,cardboard290.jpg,512,384,3,1,2,512,383,cardboard
132,cardboard291.jpg,512,384,3,1,1,510,384,cardboard
133,cardboard292.jpg,512,384,3,1,1,510,384,cardboard
134,cardboard293.jpg,512,384,3,1,2,512,382,cardboard
135,cardboard294.jpg,512,384,3,81,3,457,384,cardboard
136,cardboard295.jpg,512,384,3,1,1,511,384,cardboard
137,cardboard296.jpg,512,384,3,25,1,392,274,cardboard
138,cardboard297.jpg,512,384,3,1,1,512,383,cardboard
139,cardboard298.jpg,512,384,3,1,1,512,382,cardboard
140,cardboard299.jpg,512,384,3,1,1,511,384,cardboard
141,cardboard3.jpg,512,384,3,1,5,509,378,cardboard
142,cardboard30.jpg,512,384,3,1,1,512,382,cardboard
143,cardboard300.jpg,512,384,3,1,1,512,382,cardboard
144,cardboard301.jpg,512,384,3,1,1,512,381,cardboard
145,cardboard302.jpg,512,384,3,1,1,512,383,cardboard
146,cardboard303.jpg,512,384,3,1,1,512,383,cardboard
147,cardboard304.jpg,512,384,3,1,1,510,384,cardboard
148,cardboard305.jpg,512,384,3,1,1,511,384,cardboard
149,cardboard306.jpg,512,384,3,1,1,512,383,cardboard
150,cardboard307.jpg,512,384,3,1,1,512,382,cardboard
151,cardboard308.jpg,512,384,3,1,2,512,382,cardboard
152,cardboard309.jpg,512,384,3,1,1,512,257,cardboard
153,cardboard31.jpg,512,384,3,1,3,512,383,cardboard
154,cardboard310.jpg,512,384,3,1,2,509,384,cardboard
155,cardboard311.jpg,512,384,3,1,1,512,382,cardboard
156,cardboard312.jpg,512,384,3,1,1,512,382,cardboard
157,cardboard313.jpg,512,384,3,1,1,512,383,cardboard
158,cardboard314.jpg,512,384,3,133,1,512,382,cardboard
159,cardboard315.jpg,512,384,3,1,1,511,384,cardboard
160,cardboard316.jpg,512,384,3,1,1,511,384,cardboard
161,cardboard317.jpg,512,384,3,1,1,512,383,cardboard
162,cardboard318.jpg,512,384,3,1,1,512,382,cardboard
163,cardboard319.jpg,512,384,3,1,1,512,383,cardboard
164,cardboard32.jpg,512,384,3,1,1,512,383,cardboard
165,cardboard320.jpg,512,384,3,1,1,511,384,cardboard
166,cardboard321.jpg,512,384,3,1,1,512,383,cardboard
167,cardboard322.jpg,512,384,3,2,1,512,382,cardboard
168,cardboard323.jpg,512,384,3,1,1,512,381,cardboard
169,cardboard324.jpg,512,384,3,1,1,510,384,cardboard
170,cardboard325.jpg,512,384,3,1,2,512,383,cardboard
171,cardboard326.jpg,512,384,3,1,1,512,381,cardboard
172,cardboard327.jpg,512,384,3,63,1,512,383,cardboard
173,cardboard328.jpg,512,384,3,1,1,512,383,cardboard
174,cardboard329.jpg,512,384,3,1,1,512,382,cardboard
175,cardboard33.jpg,512,384,3,3,108,509,384,cardboard
176,cardboard330.jpg,512,384,3,1,1,512,383,cardboard
177,cardboard331.jpg,512,384,3,1,2,374,383,cardboard
178,cardboard332.jpg,512,384,3,1,1,512,383,cardboard
179,cardboard333.jpg,512,384,3,1,59,458,384,cardboard
180,cardboard334.jpg,512,384,3,1,1,511,384,cardboard
181,cardboard335.jpg,512,384,3,1,1,512,383,cardboard
182,cardboard336.jpg,512,384,3,1,1,510,384,cardboard
183,cardboard337.jpg,512,384,3,1,1,511,384,cardboard
184,cardboard338.jpg,512,384,3,1,1,512,382,cardboard
185,cardboard339.jpg,512,384,3,1,1,512,383,cardboard
186,cardboard34.jpg,512,384,3,1,1,512,382,cardboard
187,cardboard340.jpg,512,384,3,1,1,512,383,cardboard
188,cardboard341.jpg,512,384,3,1,1,511,384,cardboard
189,cardboard342.jpg,512,384,3,1,1,512,383,cardboard
190,cardboard343.jpg,512,384,3,1,1,512,383,cardboard
191,cardboard344.jpg,512,384,3,1,2,511,384,cardboard
192,cardboard345.jpg,512,384,3,1,1,512,383,cardboard
193,cardboard346.jpg,512,384,3,1,2,511,384,cardboard
194,cardboard347.jpg,512,384,3,1,2,512,383,cardboard
195,cardboard348.jpg,512,384,3,1,1,512,382,cardboard
196,cardboard349.jpg,512,384,3,1,1,511,384,cardboard
197,cardboard35.jpg,512,384,3,1,1,512,382,cardboard
198,cardboard350.jpg,512,384,3,1,34,512,383,cardboard
199,cardboard351.jpg,512,384,3,1,1,512,382,cardboard
200,cardboard352.jpg,512,384,3,1,1,512,382,cardboard
201,cardboard353.jpg,512,384,3,111,86,484,384,cardboard
202,cardboard354.jpg,512,384,3,35,1,492,384,cardboard
203,cardboard355.jpg,512,384,3,1,1,512,382,cardboard
204,cardboard356.jpg,512,384,3,1,2,512,382,cardboard
205,cardboard357.jpg,512,384,3,1,1,511,384,cardboard
206,cardboard358.jpg,512,384,3,84,2,512,366,cardboard
207,cardboard359.jpg,512,384,3,1,2,512,381,cardboard
208,cardboard36.jpg,512,384,3,1,1,512,382,cardboard
209,cardboard360.jpg,512,384,3,1,1,511,384,cardboard
210,cardboard361.jpg,512,384,3,2,2,511,384,cardboard
211,cardboard362.jpg,512,384,3,2,1,512,381,cardboard
212,cardboard363.jpg,512,384,3,1,2,512,382,cardboard
213,cardboard364.jpg,512,384,3,1,20,512,383,cardboard
214,cardboard365.jpg,512,384,3,1,1,510,384,cardboard
215,cardboard366.jpg,512,384,3,1,1,512,382,cardboard
216,cardboard367.jpg,512,384,3,1,2,512,383,cardboard
217,cardboard368.jpg,512,384,3,1,1,512,383,cardboard
218,cardboard369.jpg,512,384,3,1,1,511,384,cardboard
219,cardboard37.jpg,512,384,3,1,1,511,384,cardboard
220,cardboard370.jpg,512,384,3,1,1,512,382,cardboard
221,cardboard371.jpg,512,384,3,1,2,512,383,cardboard
222,cardboard372.jpg,512,384,3,1,1,512,383,cardboard
223,cardboard373.jpg,512,384,3,1,2,512,383,cardboard
224,cardboard374.jpg,512,384,3,1,2,512,383,cardboard
225,cardboard375.jpg,512,384,3,1,1,511,384,cardboard
226,cardboard376.jpg,512,384,3,1,2,512,383,cardboard
227,cardboard377.jpg,512,384,3,2,2,512,383,cardboard
228,cardboard378.jpg,512,384,3,1,2,512,383,cardboard
229,cardboard379.jpg,512,384,3,1,1,512,383,cardboard
230,cardboard38.jpg,512,384,3,1,1,512,382,cardboard
231,cardboard380.jpg,512,384,3,1,2,512,382,cardboard
232,cardboard381.jpg,512,384,3,1,2,512,383,cardboard
233,cardboard382.jpg,512,384,3,1,1,510,384,cardboard
234,cardboard383.jpg,512,384,3,1,1,512,383,cardboard
235,cardboard384.jpg,512,384,3,1,2,411,384,cardboard
236,cardboard385.jpg,512,384,3,60,48,453,341,cardboard
237,cardboard386.jpg,512,384,3,1,1,512,382,cardboard
238,cardboard387.jpg,512,384,3,53,1,449,384,cardboard
239,cardboard388.jpg,512,384,3,1,1,512,383,cardboard
240,cardboard389.jpg,512,384,3,1,1,512,382,cardboard
241,cardboard39.jpg,512,384,3,1,2,512,383,cardboard
242,cardboard390.jpg,512,384,3,1,1,512,383,cardboard
243,cardboard391.jpg,512,384,3,1,1,510,384,cardboard
244,cardboard392.jpg,512,384,3,1,149,512,368,cardboard
245,cardboard393.jpg,512,384,3,1,1,512,382,cardboard
246,cardboard394.jpg,512,384,3,1,1,512,383,cardboard
247,cardboard395.jpg,512,384,3,1,1,512,383,cardboard
248,cardboard396.jpg,512,384,3,1,1,512,382,cardboard
249,cardboard397.jpg,512,384,3,1,1,512,383,cardboard
250,cardboard398.jpg,512,384,3,1,1,510,383,cardboard
251,cardboard399.jpg,512,384,3,122,1,511,384,cardboard
252,cardboard4.jpg,512,384,3,1,4,512,383,cardboard
253,cardboard40.jpg,512,384,3,1,2,509,384,cardboard
254,cardboard400.jpg,512,384,3,1,1,512,383,cardboard
255,cardboard401.jpg,512,384,3,1,1,511,384,cardboard
256,cardboard402.jpg,512,384,3,1,1,512,383,cardboard
257,cardboard403.jpg,512,384,3,1,57,512,383,cardboard
258,cardboard41.jpg,512,384,3,54,27,510,255,cardboard
259,cardboard42.jpg,512,384,3,1,2,512,382,cardboard
260,cardboard43.jpg,512,384,3,1,1,511,384,cardboard
261,cardboard44.jpg,512,384,3,1,1,511,384,cardboard
262,cardboard45.jpg,512,384,3,2,1,511,384,cardboard
263,cardboard46.jpg,512,384,3,1,1,512,383,cardboard
264,cardboard47.jpg,512,384,3,1,2,512,383,cardboard
265,cardboard48.jpg,512,384,3,1,1,511,384,cardboard
266,cardboard49.jpg,512,384,3,106,2,510,384,cardboard
267,cardboard5.jpg,512,384,3,2,2,511,381,cardboard
268,cardboard50.jpg,512,384,3,2,2,512,383,cardboard
269,cardboard51.jpg,512,384,3,1,1,512,382,cardboard
270,cardboard52.jpg,512,384,3,1,1,512,383,cardboard
271,cardboard53.jpg,512,384,3,2,3,511,384,cardboard
272,cardboard54.jpg,512,384,3,1,3,383,384,cardboard
273,cardboard55.jpg,512,384,3,1,1,512,382,cardboard
274,cardboard56.jpg,512,384,3,2,1,512,383,cardboard
275,cardboard57.jpg,512,384,3,1,1,511,384,cardboard
276,cardboard58.jpg,512,384,3,1,4,512,382,cardboard
277,cardboard59.jpg,512,384,3,1,1,512,382,cardboard
278,cardboard6.jpg,512,384,3,1,3,510,382,cardboard
279,cardboard60.jpg,512,384,3,1,2,512,382,cardboard
280,cardboard61.jpg,512,384,3,1,1,511,384,cardboard
281,cardboard62.jpg,512,384,3,2,2,512,382,cardboard
282,cardboard63.jpg,512,384,3,1,1,512,381,cardboard
283,cardboard64.jpg,512,384,3,1,2,512,382,cardboard
284,cardboard65.jpg,512,384,3,1,3,512,382,cardboard
285,cardboard66.jpg,512,384,3,1,1,512,383,cardboard
286,cardboard67.jpg,512,384,3,1,1,511,384,cardboard
287,cardboard68.jpg,512,384,3,1,1,512,383,cardboard
288,cardboard69.jpg,512,384,3,1,1,512,383,cardboard
289,cardboard7.jpg,512,384,3,1,2,510,383,cardboard
290,cardboard70.jpg,512,384,3,7,1,512,382,cardboard
291,cardboard71.jpg,512,384,3,3,3,512,380,cardboard
292,cardboard72.jpg,512,384,3,3,3,512,382,cardboard
293,cardboard73.jpg,512,384,3,2,2,512,383,cardboard
294,cardboard74.jpg,512,384,3,1,1,512,383,cardboard
295,cardboard75.jpg,512,384,3,1,3,512,381,cardboard
296,cardboard76.jpg,512,384,3,1,1,512,383,cardboard
297,cardboard77.jpg,512,384,3,1,3,512,383,cardboard
298,cardboard78.jpg,512,384,3,1,1,512,382,cardboard
299,cardboard79.jpg,512,384,3,1,1,510,384,cardboard
300,cardboard8.jpg,512,384,3,1,3,508,379,cardboard
301,cardboard80.jpg,512,384,3,1,1,511,384,cardboard
302,cardboard81.jpg,512,384,3,1,6,436,384,cardboard
303,cardboard82.jpg,512,384,3,1,1,512,383,cardboard
304,cardboard83.jpg,512,384,3,1,1,512,383,cardboard
305,cardboard84.jpg,512,384,3,1,1,511,384,cardboard
306,cardboard85.jpg,512,384,3,8,2,512,377,cardboard
307,cardboard86.jpg,512,384,3,1,1,512,383,cardboard
308,cardboard87.jpg,512,384,3,1,1,512,383,cardboard
309,cardboard88.jpg,512,384,3,1,2,512,381,cardboard
310,cardboard89.jpg,512,384,3,2,4,512,383,cardboard
311,cardboard9.jpg,512,384,3,1,2,510,383,cardboard
312,cardboard90.jpg,512,384,3,1,1,512,383,cardboard
313,cardboard91.jpg,512,384,3,2,3,512,383,cardboard
314,cardboard92.jpg,512,384,3,1,2,510,384,cardboard
315,cardboard93.jpg,512,384,3,3,2,494,384,cardboard
316,cardboard94.jpg,512,384,3,2,1,416,384,cardboard
317,cardboard95.jpg,512,384,3,1,3,510,384,cardboard
318,cardboard96.jpg,512,384,3,1,2,512,382,cardboard
319,cardboard97.jpg,512,384,3,1,2,494,384,cardboard
320,cardboard98.jpg,512,384,3,1,2,512,383,cardboard
321,cardboard99.jpg,512,384,3,1,55,512,316,cardboard
322,glass190.jpg,512,384,3,1,105,400,384,glass
323,glass191.jpg,512,384,3,124,133,281,240,glass
324,glass192.jpg,512,384,3,1,2,512,345,glass
325,glass193.jpg,512,384,3,144,88,322,249,glass
326,glass194.jpg,512,384,3,79,113,302,234,glass
327,glass195.jpg,512,384,3,75,37,402,366,glass
328,glass196.jpg,512,384,3,145,26,339,326,glass
329,glass197.jpg,512,384,3,227,127,402,384,glass
330,glass198.jpg,512,384,3,123,24,387,363,glass
331,glass199.jpg,512,384,3,7,2,488,384,glass
332,glass2.jpg,512,384,3,78,100,281,279,glass
333,glass20.jpg,512,384,3,131,5,450,384,glass
334,glass200.jpg,512,384,3,52,1,512,364,glass
335,glass201.jpg,512,384,3,85,122,498,384,glass
336,glass202.jpg,512,384,3,119,49,393,311,glass
337,glass203.jpg,512,384,3,119,116,379,275,glass
338,glass204.jpg,512,384,3,61,121,288,275,glass
339,glass205.jpg,512,384,3,84,28,263,344,glass
340,glass206.jpg,512,384,3,76,70,417,330,glass
341,glass207.jpg,512,384,3,84,113,384,266,glass
342,glass208.jpg,512,384,3,31,76,430,275,glass
343,glass209.jpg,512,384,3,57,92,292,214,glass
344,glass21.jpg,512,384,3,4,4,441,366,glass
345,glass210.jpg,512,384,3,109,86,354,282,glass
346,glass211.jpg,512,384,3,71,102,317,229,glass
347,glass212.jpg,512,384,3,149,156,312,276,glass
348,glass213.jpg,512,384,3,221,182,301,263,glass
349,glass214.jpg,512,384,3,205,75,305,316,glass
350,glass215.jpg,512,384,3,144,78,366,292,glass
351,glass216.jpg,512,384,3,70,138,326,233,glass
352,glass217.jpg,512,384,3,93,102,305,261,glass
353,glass218.jpg,512,384,3,83,89,406,266,glass
354,glass219.jpg,512,384,3,57,1,431,384,glass
355,glass22.jpg,512,384,3,201,130,406,384,glass
356,glass220.jpg,512,384,3,85,152,282,234,glass
357,glass221.jpg,512,384,3,218,60,316,314,glass
358,glass222.jpg,512,384,3,163,138,369,275,glass
359,glass223.jpg,512,384,3,164,155,298,248,glass
360,glass224.jpg,512,384,3,47,153,294,240,glass
361,glass225.jpg,512,384,3,108,113,400,255,glass
362,glass226.jpg,512,384,3,158,162,452,384,glass
363,glass227.jpg,512,384,3,102,152,327,298,glass
364,glass228.jpg,512,384,3,215,126,320,234,glass
365,glass229.jpg,512,384,3,86,144,443,293,glass
366,glass23.jpg,512,384,3,71,11,512,382,glass
367,glass230.jpg,512,384,3,105,132,343,248,glass
368,glass231.jpg,512,384,3,98,14,243,384,glass
369,glass232.jpg,512,384,3,97,83,428,343,glass
370,glass233.jpg,512,384,3,172,4,434,201,glass
371,glass234.jpg,512,384,3,3,179,222,277,glass
372,glass235.jpg,512,384,3,157,146,338,384,glass
373,glass236.jpg,512,384,3,103,99,343,264,glass
374,glass237.jpg,512,384,3,69,145,289,226,glass
375,glass238.jpg,512,384,3,147,1,288,230,glass
376,glass239.jpg,512,384,3,227,162,512,268,glass
377,glass24.jpg,512,384,3,203,149,301,246,glass
378,glass240.jpg,512,384,3,272,140,512,382,glass
379,glass241.jpg,512,384,3,122,193,284,384,glass
380,glass242.jpg,512,384,3,265,106,512,242,glass
381,glass243.jpg,512,384,3,241,1,441,384,glass
382,glass244.jpg,512,384,3,9,132,388,258,glass
383,glass245.jpg,512,384,3,86,68,394,319,glass
384,glass246.jpg,512,384,3,37,174,287,299,glass
385,glass247.jpg,512,384,3,5,130,370,348,glass
386,glass248.jpg,512,384,3,60,118,455,293,glass
387,glass249.jpg,512,384,3,59,165,409,334,glass
388,glass25.jpg,512,384,3,125,123,472,384,glass
389,glass250.jpg,512,384,3,79,137,392,274,glass
390,glass251.jpg,512,384,3,66,68,334,284,glass
391,glass252.jpg,512,384,3,193,182,323,384,glass
392,glass253.jpg,512,384,3,198,139,362,384,glass
393,glass254.jpg,512,384,3,47,286,484,384,glass
394,glass255.jpg,512,384,3,45,18,432,186,glass
395,glass256.jpg,512,384,3,1,245,347,384,glass
396,glass257.jpg,512,384,3,229,57,344,262,glass
397,glass258.jpg,512,384,3,1,164,369,355,glass
398,glass259.jpg,512,384,3,70,171,361,317,glass
399,glass26.jpg,512,384,3,46,70,443,314,glass
400,glass260.jpg,512,384,3,125,117,511,384,glass
401,glass261.jpg,512,384,3,102,121,455,384,glass
402,glass262.jpg,512,384,3,230,193,370,384,glass
403,glass263.jpg,512,384,3,1,180,287,359,glass
404,glass264.jpg,512,384,3,117,75,497,384,glass
405,glass265.jpg,512,384,3,164,78,426,384,glass
406,glass266.jpg,512,384,3,1,201,295,378,glass
407,glass267.jpg,512,384,3,28,45,478,224,glass
408,glass268.jpg,512,384,3,1,1,402,342,glass
409,glass269.jpg,512,384,3,1,65,484,252,glass
410,glass27.jpg,512,384,3,157,36,423,384,glass
411,glass270.jpg,512,384,3,161,1,342,348,glass
412,glass271.jpg,512,384,3,149,11,357,374,glass
413,glass272.jpg,512,384,3,2,95,441,255,glass
414,glass273.jpg,512,384,3,139,35,390,384,glass
415,glass274.jpg,512,384,3,1,74,364,299,glass
416,glass275.jpg,512,384,3,243,1,466,379,glass
417,glass276.jpg,512,384,3,208,157,350,384,glass
418,glass277.jpg,512,384,3,89,126,512,290,glass
419,glass278.jpg,512,384,3,55,1,222,384,glass
420,glass279.jpg,512,384,3,1,3,512,285,glass
421,glass28.jpg,512,384,3,135,1,394,312,glass
422,glass280.jpg,512,384,3,1,1,327,384,glass
423,glass281.jpg,512,384,3,226,144,339,261,glass
424,glass282.jpg,512,384,3,115,43,373,306,glass
425,glass283.jpg,512,384,3,176,113,456,384,glass
426,glass284.jpg,512,384,3,170,135,512,383,glass
427,glass285.jpg,512,384,3,165,204,428,384,glass
428,glass286.jpg,512,384,3,193,70,372,384,glass
429,glass287.jpg,512,384,3,1,134,374,384,glass
430,glass288.jpg,512,384,3,152,79,317,252,glass
431,glass289.jpg,512,384,3,161,77,385,354,glass
432,glass29.jpg,512,384,3,206,1,447,384,glass
433,glass290.jpg,512,384,3,1,2,334,384,glass
434,glass291.jpg,512,384,3,243,2,488,384,glass
435,glass292.jpg,512,384,3,240,78,439,384,glass
436,glass293.jpg,512,384,3,105,88,511,384,glass
437,glass294.jpg,512,384,3,62,51,350,301,glass
438,glass295.jpg,512,384,3,103,102,362,319,glass
439,glass296.jpg,512,384,3,61,95,394,384,glass
440,glass297.jpg,512,384,3,89,73,336,312,glass
441,glass298.jpg,512,384,3,150,1,376,186,glass
442,glass299.jpg,512,384,3,84,55,512,205,glass
443,glass3.jpg,512,384,3,142,117,298,244,glass
444,glass30.jpg,512,384,3,215,88,358,384,glass
445,glass300.jpg,512,384,3,228,38,401,384,glass
446,glass301.jpg,512,384,3,1,51,495,247,glass
447,glass302.jpg,512,384,3,83,7,382,309,glass
448,glass303.jpg,512,384,3,43,115,512,289,glass
449,glass304.jpg,512,384,3,207,116,354,243,glass
450,glass305.jpg,512,384,3,68,123,435,241,glass
451,glass306.jpg,512,384,3,55,33,469,234,glass
452,glass307.jpg,512,384,3,1,28,347,322,glass
453,glass308.jpg,512,384,3,46,14,409,376,glass
454,glass309.jpg,512,384,3,122,1,512,378,glass
455,glass31.jpg,512,384,3,28,48,343,384,glass
456,glass310.jpg,512,384,3,1,128,458,384,glass
457,glass311.jpg,512,384,3,32,127,512,329,glass
458,glass312.jpg,512,384,3,1,3,380,384,glass
459,glass313.jpg,512,384,3,1,24,362,384,glass
460,glass314.jpg,512,384,3,1,46,252,305,glass
461,glass315.jpg,512,384,3,73,103,446,384,glass
462,glass316.jpg,512,384,3,45,1,512,383,glass
463,glass317.jpg,512,384,3,21,147,469,262,glass
464,glass318.jpg,512,384,3,114,2,512,382,glass
465,glass319.jpg,512,384,3,1,122,512,344,glass
466,glass32.jpg,512,384,3,155,94,510,384,glass
467,glass320.jpg,512,384,3,32,138,425,270,glass
468,glass321.jpg,512,384,3,135,1,326,379,glass
469,glass322.jpg,512,384,3,84,125,405,384,glass
470,glass323.jpg,512,384,3,1,95,267,384,glass
471,glass324.jpg,512,384,3,75,45,512,383,glass
472,glass325.jpg,512,384,3,126,94,308,248,glass
473,glass326.jpg,512,384,3,69,3,512,313,glass
474,glass327.jpg,512,384,3,1,93,491,300,glass
475,glass328.jpg,512,384,3,192,3,391,384,glass
476,glass329.jpg,512,384,3,208,61,411,384,glass
477,glass33.jpg,512,384,3,113,22,512,383,glass
478,glass330.jpg,512,384,3,159,99,343,384,glass
479,glass331.jpg,512,384,3,126,68,383,311,glass
480,glass332.jpg,512,384,3,40,22,448,311,glass
481,glass333.jpg,512,384,3,206,1,398,354,glass
482,glass334.jpg,512,384,3,1,3,512,381,glass
483,glass335.jpg,512,384,3,162,97,484,384,glass
484,glass336.jpg,512,384,3,75,52,424,284,glass
485,glass337.jpg,512,384,3,100,1,330,273,glass
486,glass338.jpg,512,384,3,100,121,355,264,glass
487,glass339.jpg,512,384,3,207,122,310,226,glass
488,glass34.jpg,512,384,3,22,50,441,329,glass
489,glass340.jpg,512,384,3,110,10,512,383,glass
490,glass341.jpg,512,384,3,114,1,500,324,glass
491,glass342.jpg,512,384,3,97,1,480,384,glass
492,glass343.jpg,512,384,3,194,67,457,384,glass
493,glass344.jpg,512,384,3,214,141,321,242,glass
494,glass345.jpg,512,384,3,214,22,428,384,glass
495,glass346.jpg,512,384,3,162,1,512,383,glass
496,glass347.jpg,512,384,3,12,157,299,384,glass
497,glass348.jpg,512,384,3,53,77,461,257,glass
498,glass349.jpg,512,384,3,120,183,448,384,glass
499,glass35.jpg,512,384,3,17,2,453,361,glass
500,glass350.jpg,512,384,3,198,79,512,382,glass
501,glass351.jpg,512,384,3,1,1,512,238,glass
502,glass352.jpg,512,384,3,105,63,355,372,glass
503,glass353.jpg,512,384,3,165,134,360,384,glass
504,glass354.jpg,512,384,3,31,123,439,261,glass
505,glass355.jpg,512,384,3,120,2,512,281,glass
506,glass356.jpg,512,384,3,74,19,414,332,glass
507,glass357.jpg,512,384,3,1,1,512,382,glass
508,glass358.jpg,512,384,3,215,86,512,365,glass
509,glass359.jpg,512,384,3,1,1,512,292,glass
510,glass36.jpg,512,384,3,168,115,492,384,glass
511,glass360.jpg,512,384,3,70,97,512,264,glass
512,glass361.jpg,512,384,3,126,67,428,384,glass
513,glass362.jpg,512,384,3,128,62,322,306,glass
514,glass363.jpg,512,384,3,37,163,512,309,glass
515,glass364.jpg,512,384,3,1,2,512,383,glass
516,glass365.jpg,512,384,3,161,3,337,276,glass
517,glass366.jpg,512,384,3,246,85,472,384,glass
518,glass367.jpg,512,384,3,94,144,512,304,glass
519,glass368.jpg,512,384,3,241,62,406,384,glass
520,glass369.jpg,512,384,3,79,142,511,384,glass
521,glass37.jpg,512,384,3,30,129,472,241,glass
522,glass370.jpg,512,384,3,67,110,512,269,glass
523,glass371.jpg,512,384,3,108,63,388,384,glass
524,glass372.jpg,512,384,3,53,124,410,248,glass
525,glass373.jpg,512,384,3,178,1,327,344,glass
526,glass374.jpg,512,384,3,8,58,512,300,glass
527,glass375.jpg,512,384,3,131,98,512,337,glass
528,glass376.jpg,512,384,3,80,120,507,384,glass
529,glass377.jpg,512,384,3,55,1,433,384,glass
530,glass378.jpg,512,384,3,180,154,485,384,glass
531,glass379.jpg,512,384,3,1,1,396,371,glass
532,glass38.jpg,512,384,3,84,131,448,384,glass
533,glass380.jpg,512,384,3,164,120,321,244,glass
534,glass381.jpg,512,384,3,5,23,512,296,glass
535,glass382.jpg,512,384,3,216,114,468,384,glass
536,glass383.jpg,512,384,3,106,21,465,379,glass
537,glass384.jpg,512,384,3,8,88,475,243,glass
538,glass385.jpg,512,384,3,148,1,437,384,glass
539,glass386.jpg,512,384,3,194,127,512,383,glass
540,glass387.jpg,512,384,3,46,64,403,327,glass
541,glass388.jpg,512,384,3,192,1,454,384,glass
542,glass389.jpg,512,384,3,133,37,459,384,glass
543,glass39.jpg,512,384,3,88,91,445,305,glass
544,glass390.jpg,512,384,3,5,137,497,384,glass
545,glass391.jpg,512,384,3,76,22,491,384,glass
546,glass392.jpg,512,384,3,141,23,429,316,glass
547,glass393.jpg,512,384,3,216,67,497,384,glass
548,glass394.jpg,512,384,3,1,1,320,307,glass
549,glass395.jpg,512,384,3,92,170,512,340,glass
550,glass396.jpg,512,384,3,227,3,512,304,glass
551,glass397.jpg,512,384,3,1,50,472,320,glass
552,glass398.jpg,512,384,3,131,81,364,299,glass
553,glass399.jpg,512,384,3,1,79,466,316,glass
554,glass4.jpg,512,384,3,126,118,341,269,glass
555,glass40.jpg,512,384,3,13,1,511,384,glass
556,glass400.jpg,512,384,3,221,1,512,383,glass
557,glass401.jpg,512,384,3,1,2,510,384,glass
558,glass402.jpg,512,384,3,140,34,492,384,glass
559,glass403.jpg,512,384,3,99,177,511,384,glass
560,glass404.jpg,512,384,3,224,90,352,238,glass
561,glass405.jpg,512,384,3,204,2,394,384,glass
562,glass406.jpg,512,384,3,60,77,502,306,glass
563,glass407.jpg,512,384,3,49,16,512,262,glass
564,glass408.jpg,512,384,3,1,82,512,313,glass
565,glass409.jpg,512,384,3,103,61,459,296,glass
566,glass41.jpg,512,384,3,168,86,402,333,glass
567,glass410.jpg,512,384,3,50,151,512,382,glass
568,glass411.jpg,512,384,3,1,1,468,379,glass
569,glass412.jpg,512,384,3,32,40,460,338,glass
570,glass413.jpg,512,384,3,34,125,460,285,glass
571,glass414.jpg,512,384,3,45,23,355,301,glass
572,glass415.jpg,512,384,3,91,131,425,221,glass
573,glass416.jpg,512,384,3,64,132,475,384,glass
574,glass417.jpg,512,384,3,127,33,512,362,glass
575,glass418.jpg,512,384,3,165,84,295,384,glass
576,glass419.jpg,512,384,3,75,64,339,320,glass
577,glass42.jpg,512,384,3,1,2,422,365,glass
578,glass420.jpg,512,384,3,1,59,510,384,glass
579,glass421.jpg,512,384,3,174,36,512,234,glass
580,glass422.jpg,512,384,3,121,94,316,240,glass
581,glass423.jpg,512,384,3,22,30,512,342,glass
582,glass424.jpg,512,384,3,136,1,270,289,glass
583,glass425.jpg,512,384,3,120,52,416,323,glass
584,glass426.jpg,512,384,3,116,150,512,369,glass
585,glass427.jpg,512,384,3,69,61,345,306,glass
586,glass428.jpg,512,384,3,80,71,363,346,glass
587,glass429.jpg,512,384,3,179,114,512,357,glass
588,glass43.jpg,512,384,3,3,32,447,384,glass
589,glass430.jpg,512,384,3,179,79,393,384,glass
590,glass431.jpg,512,384,3,1,51,512,272,glass
591,glass432.jpg,512,384,3,90,98,483,384,glass
592,glass433.jpg,512,384,3,127,58,509,384,glass
593,glass434.jpg,512,384,3,64,72,512,316,glass
594,glass435.jpg,512,384,3,16,1,499,384,glass
595,glass436.jpg,512,384,3,159,1,394,384,glass
596,glass437.jpg,512,384,3,137,108,512,266,glass
597,glass438.jpg,512,384,3,79,132,414,275,glass
598,glass439.jpg,512,384,3,1,1,366,311,glass
599,glass44.jpg,512,384,3,31,91,444,225,glass
600,glass440.jpg,512,384,3,186,2,494,291,glass
601,glass441.jpg,512,384,3,102,136,429,384,glass
602,glass442.jpg,512,384,3,12,23,512,381,glass
603,glass443.jpg,512,384,3,124,137,511,384,glass
604,glass444.jpg,512,384,3,197,110,298,213,glass
605,glass445.jpg,512,384,3,1,89,512,280,glass
606,glass446.jpg,512,384,3,32,101,473,232,glass
607,glass447.jpg,512,384,3,189,62,439,318,glass
608,glass448.jpg,512,384,3,2,75,281,324,glass
609,glass449.jpg,512,384,3,231,88,434,261,glass
610,glass45.jpg,512,384,3,147,107,512,367,glass
611,glass450.jpg,512,384,3,3,98,505,384,glass
612,glass451.jpg,512,384,3,1,32,489,348,glass
613,glass452.jpg,512,384,3,215,73,454,384,glass
614,glass453.jpg,512,384,3,167,111,364,309,glass
615,glass454.jpg,512,384,3,117,59,365,282,glass
616,glass455.jpg,512,384,3,1,2,377,384,glass
617,glass456.jpg,512,384,3,37,108,512,295,glass
618,glass457.jpg,512,384,3,155,108,511,384,glass
619,glass458.jpg,512,384,3,165,34,418,372,glass
620,glass459.jpg,512,384,3,152,2,434,205,glass
621,glass46.jpg,512,384,3,68,108,426,275,glass
622,glass460.jpg,512,384,3,34,117,393,250,glass
623,glass461.jpg,512,384,3,1,1,360,318,glass
624,glass462.jpg,512,384,3,1,24,329,336,glass
625,glass463.jpg,512,384,3,222,80,512,382,glass
626,glass464.jpg,512,384,3,1,24,512,291,glass
627,glass465.jpg,512,384,3,100,141,512,352,glass
628,glass466.jpg,512,384,3,145,160,368,384,glass
629,glass467.jpg,512,384,3,163,84,512,382,glass
630,glass468.jpg,512,384,3,33,1,376,311,glass
631,glass469.jpg,512,384,3,222,2,404,301,glass
632,glass47.jpg,512,384,3,115,137,378,284,glass
633,glass470.jpg,512,384,3,4,130,512,382,glass
634,glass471.jpg,512,384,3,153,3,328,384,glass
635,glass472.jpg,512,384,3,227,3,382,312,glass
636,glass473.jpg,512,384,3,191,133,423,384,glass
637,glass474.jpg,512,384,3,77,164,284,310,glass
638,glass475.jpg,512,384,3,41,63,234,287,glass
639,glass476.jpg,512,384,3,185,69,307,384,glass
640,glass477.jpg,512,384,3,86,124,375,266,glass
641,glass478.jpg,512,384,3,78,88,510,384,glass
642,glass479.jpg,512,384,3,111,1,512,383,glass
643,glass48.jpg,512,384,3,140,155,305,304,glass
644,glass480.jpg,512,384,3,1,2,512,383,glass
645,glass481.jpg,512,384,3,1,1,506,384,glass
646,glass482.jpg,512,384,3,213,1,498,323,glass
647,glass483.jpg,512,384,3,118,152,492,384,glass
648,glass484.jpg,512,384,3,154,160,440,384,glass
649,glass485.jpg,512,384,3,119,10,401,373,glass
650,glass486.jpg,512,384,3,7,116,512,383,glass
651,glass487.jpg,512,384,3,1,120,512,369,glass
652,glass488.jpg,512,384,3,116,50,371,285,glass
653,glass489.jpg,512,384,3,1,42,427,384,glass
654,glass49.jpg,512,384,3,152,4,449,358,glass
655,glass490.jpg,512,384,3,181,1,428,384,glass
656,glass491.jpg,512,384,3,138,165,512,300,glass
657,glass492.jpg,512,384,3,1,1,379,384,glass
658,glass493.jpg,512,384,3,73,15,344,350,glass
659,glass494.jpg,512,384,3,203,115,342,257,glass
660,glass495.jpg,512,384,3,186,89,355,256,glass
661,glass496.jpg,512,384,3,86,61,432,247,glass
662,glass497.jpg,512,384,3,1,2,344,305,glass
663,glass498.jpg,512,384,3,128,3,444,384,glass
664,glass499.jpg,512,384,3,138,2,309,258,glass
665,glass5.jpg,512,384,3,149,137,268,256,glass
666,glass50.jpg,512,384,3,1,1,373,303,glass
667,glass500.jpg,512,384,3,2,149,384,262,glass
668,glass501.jpg,512,384,3,42,74,510,384,glass
669,glass51.jpg,512,384,3,172,134,405,384,glass
670,glass52.jpg,512,384,3,9,66,337,329,glass
671,glass53.jpg,512,384,3,239,173,449,384,glass
672,glass54.jpg,512,384,3,195,2,492,384,glass
673,glass55.jpg,512,384,3,1,2,378,303,glass
674,glass56.jpg,512,384,3,201,10,459,384,glass
675,glass57.jpg,512,384,3,199,62,512,383,glass
676,glass58.jpg,512,384,3,195,3,365,384,glass
677,glass59.jpg,512,384,3,160,119,508,384,glass
678,glass6.jpg,512,384,3,194,63,321,276,glass
679,glass60.jpg,512,384,3,171,3,512,250,glass
680,glass61.jpg,512,384,3,137,23,510,384,glass
681,glass62.jpg,512,384,3,1,1,510,384,glass
682,glass63.jpg,512,384,3,198,58,392,384,glass
683,glass64.jpg,512,384,3,134,114,389,384,glass
684,glass65.jpg,512,384,3,79,30,512,382,glass
685,glass66.jpg,512,384,3,2,75,406,322,glass
686,glass67.jpg,512,384,3,52,100,512,383,glass
687,glass68.jpg,512,384,3,88,1,472,384,glass
688,glass69.jpg,512,384,3,33,127,332,252,glass
689,glass7.jpg,512,384,3,152,45,450,383,glass
690,glass70.jpg,512,384,3,2,116,495,384,glass
691,glass71.jpg,512,384,3,183,14,355,337,glass
692,glass72.jpg,512,384,3,147,66,512,382,glass
693,glass73.jpg,512,384,3,181,110,512,335,glass
694,glass74.jpg,512,384,3,192,140,280,226,glass
695,glass75.jpg,512,384,3,40,105,418,280,glass
696,glass76.jpg,512,384,3,193,67,400,275,glass
697,glass77.jpg,512,384,3,91,3,491,324,glass
698,glass78.jpg,512,384,3,2,62,512,203,glass
699,glass79.jpg,512,384,3,213,2,417,339,glass
700,glass8.jpg,512,384,3,148,171,355,384,glass
701,glass80.jpg,512,384,3,1,2,418,324,glass
702,glass81.jpg,512,384,3,48,114,445,283,glass
703,glass82.jpg,512,384,3,193,1,385,327,glass
704,glass83.jpg,512,384,3,26,62,512,205,glass
705,glass84.jpg,512,384,3,153,98,457,317,glass
706,glass85.jpg,512,384,3,1,1,507,384,glass
707,glass86.jpg,512,384,3,115,106,501,384,glass
708,glass87.jpg,512,384,3,145,125,445,304,glass
709,glass88.jpg,512,384,3,69,96,420,208,glass
710,glass89.jpg,512,384,3,94,49,418,353,glass
711,glass9.jpg,512,384,3,95,75,380,327,glass
712,glass90.jpg,512,384,3,138,2,354,384,glass
713,glass91.jpg,512,384,3,223,116,512,383,glass
714,glass92.jpg,512,384,3,118,60,366,314,glass
715,glass93.jpg,512,384,3,1,55,512,225,glass
716,glass94.jpg,512,384,3,237,174,392,384,glass
717,glass95.jpg,512,384,3,58,143,396,265,glass
718,glass96.jpg,512,384,3,172,68,342,384,glass
719,glass97.jpg,512,384,3,262,1,510,384,glass
720,glass98.jpg,512,384,3,105,2,416,384,glass
721,glass99.jpg,512,384,3,141,51,512,383,glass
722,metal174.jpg,512,384,3,110,2,512,315,metal
723,metal175.jpg,512,384,3,119,9,410,363,metal
724,metal176.jpg,512,384,3,1,2,509,384,metal
725,metal177.jpg,512,384,3,2,2,443,384,metal
726,metal178.jpg,512,384,3,123,145,261,234,metal
727,metal179.jpg,512,384,3,221,118,371,301,metal
728,metal18.jpg,512,384,3,119,146,356,264,metal
729,metal180.jpg,512,384,3,1,1,510,384,metal
730,metal181.jpg,512,384,3,119,62,368,308,metal
731,metal182.jpg,512,384,3,151,127,327,322,metal
732,metal183.jpg,512,384,3,106,207,219,384,metal
733,metal184.jpg,512,384,3,172,42,460,344,metal
734,metal185.jpg,512,384,3,69,84,471,343,metal
735,metal186.jpg,512,384,3,173,111,511,384,metal
736,metal187.jpg,512,384,3,15,1,311,261,metal
737,metal188.jpg,512,384,3,34,43,394,266,metal
738,metal189.jpg,512,384,3,3,57,460,349,metal
739,metal19.jpg,512,384,3,93,21,378,307,metal
740,metal190.jpg,512,384,3,42,1,377,358,metal
741,metal191.jpg,512,384,3,68,25,349,305,metal
742,metal192.jpg,512,384,3,39,1,439,384,metal
743,metal193.jpg,512,384,3,61,1,384,373,metal
744,metal194.jpg,512,384,3,1,2,311,334,metal
745,metal195.jpg,512,384,3,162,90,360,300,metal
746,metal196.jpg,512,384,3,1,1,509,384,metal
747,metal197.jpg,512,384,3,81,57,432,327,metal
748,metal198.jpg,512,384,3,85,44,328,343,metal
749,metal199.jpg,512,384,3,38,95,372,261,metal
750,metal2.jpg,512,384,3,141,72,325,293,metal
751,metal20.jpg,512,384,3,4,2,440,382,metal
752,metal200.jpg,512,384,3,73,25,350,362,metal
753,metal201.jpg,512,384,3,73,87,375,292,metal
754,metal202.jpg,512,384,3,96,118,400,349,metal
755,metal203.jpg,512,384,3,195,89,325,255,metal
756,metal204.jpg,512,384,3,179,108,380,256,metal
757,metal205.jpg,512,384,3,114,99,296,331,metal
758,metal206.jpg,512,384,3,182,93,330,278,metal
759,metal207.jpg,512,384,3,157,105,328,258,metal
760,metal208.jpg,512,384,3,184,107,316,274,metal
761,metal209.jpg,512,384,3,212,111,407,286,metal
762,metal21.jpg,512,384,3,185,88,432,384,metal
763,metal210.jpg,512,384,3,150,125,377,287,metal
764,metal211.jpg,512,384,3,182,77,338,269,metal
765,metal212.jpg,512,384,3,102,72,255,266,metal
766,metal213.jpg,512,384,3,133,117,313,269,metal
767,metal214.jpg,512,384,3,208,117,308,249,metal
768,metal215.jpg,512,384,3,161,133,309,283,metal
769,metal216.jpg,512,384,3,147,92,351,305,metal
770,metal217.jpg,512,384,3,3,1,352,260,metal
771,metal218.jpg,512,384,3,143,156,426,384,metal
772,metal219.jpg,512,384,3,120,26,344,328,metal
773,metal22.jpg,512,384,3,179,77,420,319,metal
774,metal220.jpg,512,384,3,110,62,424,384,metal
775,metal221.jpg,512,384,3,24,1,512,383,metal
776,metal222.jpg,512,384,3,130,27,510,384,metal
777,metal223.jpg,512,384,3,197,42,512,383,metal
778,metal224.jpg,512,384,3,73,92,512,350,metal
779,metal225.jpg,512,384,3,84,55,379,355,metal
780,metal226.jpg,512,384,3,89,1,432,347,metal
781,metal227.jpg,512,384,3,93,89,420,384,metal
782,metal228.jpg,512,384,3,165,106,333,282,metal
783,metal229.jpg,512,384,3,85,1,512,383,metal
784,metal23.jpg,512,384,3,124,91,486,384,metal
785,metal230.jpg,512,384,3,10,128,444,384,metal
786,metal231.jpg,512,384,3,2,1,351,275,metal
787,metal232.jpg,512,384,3,1,2,509,384,metal
788,metal233.jpg,512,384,3,103,96,505,298,metal
789,metal234.jpg,512,384,3,277,1,512,366,metal
790,metal235.jpg,512,384,3,32,107,383,384,metal
791,metal236.jpg,512,384,3,48,34,512,383,metal
792,metal237.jpg,512,384,3,44,60,512,380,metal
793,metal238.jpg,512,384,3,208,82,473,384,metal
794,metal239.jpg,512,384,3,97,31,404,362,metal
795,metal24.jpg,512,384,3,108,81,355,339,metal
796,metal240.jpg,512,384,3,175,5,408,242,metal
797,metal241.jpg,512,384,3,69,39,380,348,metal
798,metal242.jpg,512,384,3,119,74,466,212,metal
799,metal243.jpg,512,384,3,179,174,417,384,metal
800,metal244.jpg,512,384,3,139,22,443,326,metal
801,metal245.jpg,512,384,3,237,83,472,308,metal
802,metal246.jpg,512,384,3,122,23,440,337,metal
803,metal247.jpg,512,384,3,194,112,506,384,metal
804,metal248.jpg,512,384,3,223,152,507,384,metal
805,metal249.jpg,512,384,3,55,98,441,384,metal
806,metal25.jpg,512,384,3,112,62,385,375,metal
807,metal250.jpg,512,384,3,263,61,471,361,metal
808,metal251.jpg,512,384,3,1,1,512,367,metal
809,metal252.jpg,512,384,3,100,27,460,384,metal
810,metal253.jpg,512,384,3,120,1,434,337,metal
811,metal254.jpg,512,384,3,2,2,511,384,metal
812,metal255.jpg,512,384,3,208,157,490,384,metal
813,metal256.jpg,512,384,3,176,179,510,384,metal
814,metal257.jpg,512,384,3,1,50,512,383,metal
815,metal258.jpg,512,384,3,47,2,512,367,metal
816,metal259.jpg,512,384,3,1,116,512,382,metal
817,metal26.jpg,512,384,3,116,34,451,371,metal
818,metal260.jpg,512,384,3,151,93,512,383,metal
819,metal261.jpg,512,384,3,56,47,512,364,metal
820,metal262.jpg,512,384,3,4,60,512,381,metal
821,metal263.jpg,512,384,3,88,94,511,381,metal
822,metal264.jpg,512,384,3,44,58,510,384,metal
823,metal265.jpg,512,384,3,97,146,509,384,metal
824,metal266.jpg,512,384,3,107,18,397,336,metal
825,metal267.jpg,512,384,3,1,1,343,290,metal
826,metal268.jpg,512,384,3,152,103,323,297,metal
827,metal269.jpg,512,384,3,1,1,333,320,metal
828,metal27.jpg,512,384,3,139,45,427,341,metal
829,metal270.jpg,512,384,3,60,4,512,375,metal
830,metal271.jpg,512,384,3,2,35,446,384,metal
831,metal272.jpg,512,384,3,211,148,301,242,metal
832,metal273.jpg,512,384,3,171,1,466,384,metal
833,metal274.jpg,512,384,3,138,85,511,384,metal
834,metal275.jpg,512,384,3,178,184,434,384,metal
835,metal276.jpg,512,384,3,1,1,358,289,metal
836,metal277.jpg,512,384,3,108,4,421,384,metal
837,metal278.jpg,512,384,3,21,1,410,286,metal
838,metal279.jpg,512,384,3,215,124,395,305,metal
839,metal28.jpg,512,384,3,144,74,427,349,metal
840,metal280.jpg,512,384,3,135,104,390,277,metal
841,metal281.jpg,512,384,3,24,11,490,384,metal
842,metal282.jpg,512,384,3,101,41,506,384,metal
843,metal283.jpg,512,384,3,1,1,409,278,metal
844,metal284.jpg,512,384,3,174,102,325,252,metal
845,metal285.jpg,512,384,3,146,91,358,318,metal
846,metal286.jpg,512,384,3,127,51,512,318,metal
847,metal287.jpg,512,384,3,27,170,392,384,metal
848,metal288.jpg,512,384,3,143,37,486,384,metal
849,metal289.jpg,512,384,3,92,6,512,381,metal
850,metal29.jpg,512,384,3,122,79,357,325,metal
851,metal290.jpg,512,384,3,123,120,349,291,metal
852,metal291.jpg,512,384,3,162,112,365,273,metal
853,metal292.jpg,512,384,3,158,112,507,369,metal
854,metal293.jpg,512,384,3,25,83,512,288,metal
855,metal294.jpg,512,384,3,129,53,388,316,metal
856,metal295.jpg,512,384,3,106,51,375,322,metal
857,metal296.jpg,512,384,3,96,35,512,382,metal
858,metal297.jpg,512,384,3,146,203,483,384,metal
859,metal298.jpg,512,384,3,201,62,441,349,metal
860,metal299.jpg,512,384,3,161,30,512,382,metal
861,metal3.jpg,512,384,3,131,170,290,308,metal
862,metal30.jpg,512,384,3,172,1,346,379,metal
863,metal300.jpg,512,384,3,101,79,512,382,metal
864,metal301.jpg,512,384,3,78,4,406,337,metal
865,metal302.jpg,512,384,3,88,31,380,337,metal
866,metal303.jpg,512,384,3,162,75,400,297,metal
867,metal304.jpg,512,384,3,119,124,408,384,metal
868,metal305.jpg,512,384,3,1,70,428,384,metal
869,metal306.jpg,512,384,3,196,108,511,384,metal
870,metal307.jpg,512,384,3,86,1,470,304,metal
871,metal308.jpg,512,384,3,1,1,368,276,metal
872,metal309.jpg,512,384,3,101,44,378,319,metal
873,metal31.jpg,512,384,3,99,3,512,382,metal
874,metal310.jpg,512,384,3,134,53,512,343,metal
875,metal311.jpg,512,384,3,120,111,510,384,metal
876,metal312.jpg,512,384,3,21,5,507,384,metal
877,metal313.jpg,512,384,3,95,102,414,384,metal
878,metal314.jpg,512,384,3,1,1,242,291,metal
879,metal315.jpg,512,384,3,92,105,396,271,metal
880,metal316.jpg,512,384,3,165,208,507,384,metal
881,metal317.jpg,512,384,3,4,2,297,384,metal
882,metal318.jpg,512,384,3,151,88,347,293,metal
883,metal319.jpg,512,384,3,41,1,510,384,metal
884,metal32.jpg,512,384,3,126,45,357,273,metal
885,metal320.jpg,512,384,3,155,20,512,382,metal
886,metal321.jpg,512,384,3,141,1,383,268,metal
887,metal322.jpg,512,384,3,28,2,511,384,metal
888,metal323.jpg,512,384,3,52,159,429,384,metal
889,metal324.jpg,512,384,3,3,132,472,384,metal
890,metal325.jpg,512,384,3,140,1,512,327,metal
891,metal326.jpg,512,384,3,153,13,344,323,metal
892,metal327.jpg,512,384,3,24,145,417,384,metal
893,metal328.jpg,512,384,3,70,42,333,300,metal
894,metal329.jpg,512,384,3,25,1,511,384,metal
895,metal33.jpg,512,384,3,62,1,370,262,metal
896,metal330.jpg,512,384,3,171,1,512,383,metal
897,metal331.jpg,512,384,3,237,156,512,382,metal
898,metal332.jpg,512,384,3,134,1,447,210,metal
899,metal333.jpg,512,384,3,199,31,411,383,metal
900,metal334.jpg,512,384,3,253,100,460,384,metal
901,metal335.jpg,512,384,3,23,38,470,296,metal
902,metal336.jpg,512,384,3,103,54,436,375,metal
903,metal337.jpg,512,384,3,211,215,511,384,metal
904,metal338.jpg,512,384,3,110,89,322,298,metal
905,metal339.jpg,512,384,3,87,64,382,338,metal
906,metal34.jpg,512,384,3,100,97,390,384,metal
907,metal340.jpg,512,384,3,161,50,422,329,metal
908,metal341.jpg,512,384,3,109,54,358,312,metal
909,metal342.jpg,512,384,3,71,58,462,384,metal
910,metal343.jpg,512,384,3,157,72,364,279,metal
911,metal344.jpg,512,384,3,112,105,413,277,metal
912,metal345.jpg,512,384,3,116,103,397,269,metal
913,metal346.jpg,512,384,3,68,1,512,383,metal
914,metal347.jpg,512,384,3,133,57,406,334,metal
915,metal348.jpg,512,384,3,249,49,512,382,metal
916,metal349.jpg,512,384,3,67,1,512,311,metal
917,metal35.jpg,512,384,3,113,3,482,370,metal
918,metal350.jpg,512,384,3,248,59,510,384,metal
919,metal351.jpg,512,384,3,181,103,512,364,metal
920,metal352.jpg,512,384,3,69,22,441,346,metal
921,metal353.jpg,512,384,3,195,143,428,333,metal
922,metal354.jpg,512,384,3,20,20,348,342,metal
923,metal355.jpg,512,384,3,236,67,512,383,metal
924,metal356.jpg,512,384,3,131,89,402,277,metal
925,metal357.jpg,512,384,3,71,5,512,206,metal
926,metal358.jpg,512,384,3,106,19,512,321,metal
927,metal359.jpg,512,384,3,129,3,425,383,metal
928,metal36.jpg,512,384,3,2,1,392,349,metal
929,metal360.jpg,512,384,3,125,34,363,273,metal
930,metal361.jpg,512,384,3,26,3,473,384,metal
931,metal362.jpg,512,384,3,62,1,410,270,metal
932,metal363.jpg,512,384,3,118,3,506,327,metal
933,metal364.jpg,512,384,3,124,2,483,384,metal
934,metal365.jpg,512,384,3,1,1,501,282,metal
935,metal366.jpg,512,384,3,189,1,512,328,metal
936,metal367.jpg,512,384,3,107,115,484,315,metal
937,metal368.jpg,512,384,3,144,100,356,384,metal
938,metal369.jpg,512,384,3,129,77,313,267,metal
939,metal37.jpg,512,384,3,207,87,509,384,metal
940,metal370.jpg,512,384,3,165,182,510,384,metal
941,metal371.jpg,512,384,3,215,127,426,330,metal
942,metal372.jpg,512,384,3,1,120,362,384,metal
943,metal373.jpg,512,384,3,155,92,391,329,metal
944,metal374.jpg,512,384,3,1,1,512,382,metal
945,metal375.jpg,512,384,3,180,1,482,237,metal
946,metal376.jpg,512,384,3,217,64,511,384,metal
947,metal377.jpg,512,384,3,92,34,456,384,metal
948,metal378.jpg,512,384,3,179,80,359,264,metal
949,metal379.jpg,512,384,3,121,212,391,384,metal
950,metal38.jpg,512,384,3,39,60,343,296,metal
951,metal380.jpg,512,384,3,1,1,396,384,metal
952,metal381.jpg,512,384,3,58,1,308,293,metal
953,metal382.jpg,512,384,3,152,1,415,307,metal
954,metal383.jpg,512,384,3,1,38,512,382,metal
955,metal384.jpg,512,384,3,78,46,512,383,metal
956,metal385.jpg,512,384,3,180,68,409,303,metal
957,metal386.jpg,512,384,3,128,137,512,383,metal
958,metal387.jpg,512,384,3,74,6,510,384,metal
959,metal388.jpg,512,384,3,2,1,475,354,metal
960,metal389.jpg,512,384,3,114,20,459,369,metal
961,metal39.jpg,512,384,3,153,66,340,257,metal
962,metal390.jpg,512,384,3,176,3,512,383,metal
963,metal391.jpg,512,384,3,1,1,512,381,metal
964,metal392.jpg,512,384,3,1,1,512,378,metal
965,metal393.jpg,512,384,3,147,49,408,318,metal
966,metal394.jpg,512,384,3,35,47,512,382,metal
967,metal395.jpg,512,384,3,184,2,362,229,metal
968,metal396.jpg,512,384,3,71,144,512,382,metal
969,metal397.jpg,512,384,3,224,62,421,260,metal
970,metal398.jpg,512,384,3,103,107,379,381,metal
971,metal399.jpg,512,384,3,159,75,450,349,metal
972,metal4.jpg,512,384,3,251,122,381,270,metal
973,metal40.jpg,512,384,3,188,56,491,384,metal
974,metal400.jpg,512,384,3,223,107,510,384,metal
975,metal401.jpg,512,384,3,214,18,511,384,metal
976,metal402.jpg,512,384,3,5,156,487,384,metal
977,metal403.jpg,512,384,3,103,149,389,384,metal
978,metal404.jpg,512,384,3,1,49,510,384,metal
979,metal405.jpg,512,384,3,241,38,512,383,metal
980,metal406.jpg,512,384,3,57,1,512,359,metal
981,metal407.jpg,512,384,3,110,98,512,382,metal
982,metal408.jpg,512,384,3,177,80,512,304,metal
983,metal409.jpg,512,384,3,161,42,354,236,metal
984,metal41.jpg,512,384,3,145,141,383,384,metal
985,metal410.jpg,512,384,3,119,179,512,383,metal
986,metal42.jpg,512,384,3,3,106,427,384,metal
987,metal43.jpg,512,384,3,81,112,512,383,metal
988,metal44.jpg,512,384,3,96,2,511,384,metal
989,metal45.jpg,512,384,3,1,82,293,329,metal
990,metal46.jpg,512,384,3,1,2,512,383,metal
991,metal47.jpg,512,384,3,212,111,512,382,metal
992,metal48.jpg,512,384,3,197,130,305,242,metal
993,metal49.jpg,512,384,3,143,2,512,341,metal
994,metal5.jpg,512,384,3,36,19,453,384,metal
995,metal50.jpg,512,384,3,7,27,511,384,metal
996,metal51.jpg,512,384,3,182,87,397,301,metal
997,metal52.jpg,512,384,3,48,1,485,384,metal
998,metal53.jpg,512,384,3,98,1,377,266,metal
999,metal54.jpg,512,384,3,33,1,483,384,metal
1000,metal55.jpg,512,384,3,4,120,512,383,metal
1001,metal56.jpg,512,384,3,156,132,429,384,metal
1002,metal57.jpg,512,384,3,116,97,345,308,metal
1003,metal58.jpg,512,384,3,165,108,485,384,metal
1004,metal59.jpg,512,384,3,223,156,512,383,metal
1005,metal6.jpg,512,384,3,193,141,287,220,metal
1006,metal60.jpg,512,384,3,51,83,367,352,metal
1007,metal61.jpg,512,384,3,22,10,512,383,metal
1008,metal62.jpg,512,384,3,79,109,417,310,metal
1009,metal63.jpg,512,384,3,161,87,512,383,metal
1010,metal64.jpg,512,384,3,1,36,373,358,metal
1011,metal65.jpg,512,384,3,128,16,482,371,metal
1012,metal66.jpg,512,384,3,155,118,393,384,metal
1013,metal67.jpg,512,384,3,163,130,399,384,metal
1014,metal68.jpg,512,384,3,98,107,438,384,metal
1015,metal69.jpg,512,384,3,123,122,352,267,metal
1016,metal7.jpg,512,384,3,158,71,317,286,metal
1017,metal70.jpg,512,384,3,65,118,437,310,metal
1018,metal71.jpg,512,384,3,153,33,512,381,metal
1019,metal72.jpg,512,384,3,162,2,512,382,metal
1020,metal73.jpg,512,384,3,232,156,512,382,metal
1021,metal74.jpg,512,384,3,1,136,427,384,metal
1022,metal75.jpg,512,384,3,23,86,509,384,metal
1023,metal76.jpg,512,384,3,61,44,511,384,metal
1024,metal77.jpg,512,384,3,4,2,458,384,metal
1025,metal78.jpg,512,384,3,144,100,393,384,metal
1026,metal79.jpg,512,384,3,17,120,485,384,metal
1027,metal8.jpg,512,384,3,145,109,253,267,metal
1028,metal80.jpg,512,384,3,64,10,462,357,metal
1029,metal81.jpg,512,384,3,70,159,511,384,metal
1030,metal82.jpg,512,384,3,106,74,319,296,metal
1031,metal83.jpg,512,384,3,27,34,512,381,metal
1032,metal84.jpg,512,384,3,126,1,509,384,metal
1033,metal85.jpg,512,384,3,57,194,484,384,metal
1034,metal86.jpg,512,384,3,140,57,446,384,metal
1035,metal87.jpg,512,384,3,162,3,512,382,metal
1036,metal88.jpg,512,384,3,1,34,498,384,metal
1037,metal89.jpg,512,384,3,33,13,512,383,metal
1038,metal9.jpg,512,384,3,150,115,300,272,metal
1039,metal90.jpg,512,384,3,165,104,411,311,metal
1040,metal91.jpg,512,384,3,203,112,314,223,metal
1041,metal92.jpg,512,384,3,173,83,339,254,metal
1042,metal93.jpg,512,384,3,123,87,512,382,metal
1043,metal94.jpg,512,384,3,6,83,511,384,metal
1044,metal95.jpg,512,384,3,131,1,410,243,metal
1045,metal96.jpg,512,384,3,132,179,414,384,metal
1046,metal97.jpg,512,384,3,33,1,370,333,metal
1047,metal98.jpg,512,384,3,105,1,356,289,metal
1048,metal99.jpg,512,384,3,131,54,465,383,metal
1049,paper206.jpg,512,384,3,14,1,396,377,paper
1050,paper207.jpg,512,384,3,3,79,512,382,paper
1051,paper208.jpg,512,384,3,34,1,464,384,paper
1052,paper209.jpg,512,384,3,2,2,512,380,paper
1053,paper21.jpg,512,384,3,77,134,475,384,paper
1054,paper210.jpg,512,384,3,3,1,419,292,paper
1055,paper211.jpg,512,384,3,2,116,394,384,paper
1056,paper212.jpg,512,384,3,75,94,470,325,paper
1057,paper213.jpg,512,384,3,100,17,340,334,paper
1058,paper214.jpg,512,384,3,1,2,511,384,paper
1059,paper215.jpg,512,384,3,1,3,455,384,paper
1060,paper216.jpg,512,384,3,119,99,414,306,paper
1061,paper217.jpg,512,384,3,2,1,430,384,paper
1062,paper218.jpg,512,384,3,62,6,328,384,paper
1063,paper219.jpg,512,384,3,14,86,483,384,paper
1064,paper22.jpg,512,384,3,62,42,409,372,paper
1065,paper220.jpg,512,384,3,107,68,420,302,paper
1066,paper221.jpg,512,384,3,1,2,512,380,paper
1067,paper222.jpg,512,384,3,92,93,308,384,paper
1068,paper223.jpg,512,384,3,1,1,509,384,paper
1069,paper224.jpg,512,384,3,42,41,477,384,paper
1070,paper225.jpg,512,384,3,119,55,415,344,paper
1071,paper226.jpg,512,384,3,123,121,342,299,paper
1072,paper227.jpg,512,384,3,1,1,512,380,paper
1073,paper228.jpg,512,384,3,173,89,264,210,paper
1074,paper229.jpg,512,384,3,1,74,463,384,paper
1075,paper23.jpg,512,384,3,2,3,512,346,paper
1076,paper230.jpg,512,384,3,1,2,512,142,paper
1077,paper231.jpg,512,384,3,10,2,417,347,paper
1078,paper232.jpg,512,384,3,5,59,445,384,paper
1079,paper233.jpg,512,384,3,2,102,466,384,paper
1080,paper234.jpg,512,384,3,73,5,435,332,paper
1081,paper235.jpg,512,384,3,84,58,414,334,paper
1082,paper236.jpg,512,384,3,1,1,487,384,paper
1083,paper237.jpg,512,384,3,1,2,448,384,paper
1084,paper238.jpg,512,384,3,2,54,400,347,paper
1085,paper239.jpg,512,384,3,65,38,373,306,paper
1086,paper24.jpg,512,384,3,5,36,418,378,paper
1087,paper240.jpg,512,384,3,6,64,395,384,paper
1088,paper241.jpg,512,384,3,38,98,468,343,paper
1089,paper242.jpg,512,384,3,86,162,319,337,paper
1090,paper243.jpg,512,384,3,117,34,375,336,paper
1091,paper244.jpg,512,384,3,34,44,399,353,paper
1092,paper245.jpg,512,384,3,1,1,479,384,paper
1093,paper246.jpg,512,384,3,1,1,373,384,paper
1094,paper247.jpg,512,384,3,1,1,466,384,paper
1095,paper248.jpg,512,384,3,55,1,471,342,paper
1096,paper249.jpg,512,384,3,62,79,331,296,paper
1097,paper25.jpg,512,384,3,1,1,464,303,paper
1098,paper250.jpg,512,384,3,7,1,469,378,paper
1099,paper251.jpg,512,384,3,85,43,319,344,paper
1100,paper252.jpg,512,384,3,73,83,426,329,paper
1101,paper253.jpg,512,384,3,71,69,434,341,paper
1102,paper254.jpg,512,384,3,56,1,512,370,paper
1103,paper255.jpg,512,384,3,41,4,465,384,paper
1104,paper256.jpg,512,384,3,145,62,350,237,paper
1105,paper257.jpg,512,384,3,52,101,408,384,paper
1106,paper258.jpg,512,384,3,59,6,477,384,paper
1107,paper259.jpg,512,384,3,7,47,423,384,paper
1108,paper26.jpg,512,384,3,55,1,512,378,paper
1109,paper260.jpg,512,384,3,1,55,436,384,paper
1110,paper261.jpg,512,384,3,66,70,384,336,paper
1111,paper262.jpg,512,384,3,55,1,464,363,paper
1112,paper263.jpg,512,384,3,34,5,483,382,paper
1113,paper264.jpg,512,384,3,155,114,380,282,paper
1114,paper265.jpg,512,384,3,1,1,438,384,paper
1115,paper266.jpg,512,384,3,1,2,512,380,paper
1116,paper267.jpg,512,384,3,39,2,432,384,paper
1117,paper268.jpg,512,384,3,19,1,407,336,paper
1118,paper269.jpg,512,384,3,2,2,498,384,paper
1119,paper27.jpg,512,384,3,3,68,474,345,paper
1120,paper270.jpg,512,384,3,27,7,485,384,paper
1121,paper271.jpg,512,384,3,68,2,435,365,paper
1122,paper272.jpg,512,384,3,17,73,373,307,paper
1123,paper273.jpg,512,384,3,52,2,457,377,paper
1124,paper274.jpg,512,384,3,118,94,412,296,paper
1125,paper275.jpg,512,384,3,69,41,403,345,paper
1126,paper276.jpg,512,384,3,99,56,358,331,paper
1127,paper277.jpg,512,384,3,2,3,415,384,paper
1128,paper278.jpg,512,384,3,120,66,389,351,paper
1129,paper279.jpg,512,384,3,110,1,349,384,paper
1130,paper28.jpg,512,384,3,2,9,508,363,paper
1131,paper280.jpg,512,384,3,1,2,512,374,paper
1132,paper281.jpg,512,384,3,86,2,431,384,paper
1133,paper282.jpg,512,384,3,35,107,423,315,paper
1134,paper283.jpg,512,384,3,3,24,512,380,paper
1135,paper284.jpg,512,384,3,4,1,346,375,paper
1136,paper285.jpg,512,384,3,15,20,497,384,paper
1137,paper286.jpg,512,384,3,4,26,511,384,paper
1138,paper287.jpg,512,384,3,58,5,386,384,paper
1139,paper288.jpg,512,384,3,180,26,323,346,paper
1140,paper289.jpg,512,384,3,1,2,512,341,paper
1141,paper29.jpg,512,384,3,84,65,394,384,paper
1142,paper290.jpg,512,384,3,1,2,493,375,paper
1143,paper291.jpg,512,384,3,55,11,462,382,paper
1144,paper292.jpg,512,384,3,10,118,500,384,paper
1145,paper293.jpg,512,384,3,33,64,445,380,paper
1146,paper294.jpg,512,384,3,63,79,389,323,paper
1147,paper295.jpg,512,384,3,32,92,442,327,paper
1148,paper296.jpg,512,384,3,47,128,364,255,paper
1149,paper297.jpg,512,384,3,1,2,470,384,paper
1150,paper298.jpg,512,384,3,1,1,491,359,paper
1151,paper299.jpg,512,384,3,46,50,460,330,paper
1152,paper3.jpg,512,384,3,67,4,378,326,paper
1153,paper30.jpg,512,384,3,35,101,380,290,paper
1154,paper300.jpg,512,384,3,68,22,461,366,paper
1155,paper301.jpg,512,384,3,135,12,437,384,paper
1156,paper302.jpg,512,384,3,26,76,442,317,paper
1157,paper303.jpg,512,384,3,13,1,512,377,paper
1158,paper304.jpg,512,384,3,75,96,405,265,paper
1159,paper305.jpg,512,384,3,13,5,477,384,paper
1160,paper306.jpg,512,384,3,3,65,393,384,paper
1161,paper307.jpg,512,384,3,1,1,448,384,paper
1162,paper308.jpg,512,384,3,14,1,479,384,paper
1163,paper309.jpg,512,384,3,24,2,470,384,paper
1164,paper31.jpg,512,384,3,2,1,434,348,paper
1165,paper310.jpg,512,384,3,145,97,386,277,paper
1166,paper311.jpg,512,384,3,1,30,458,384,paper
1167,paper312.jpg,512,384,3,1,2,508,384,paper
1168,paper313.jpg,512,384,3,1,4,483,384,paper
1169,paper314.jpg,512,384,3,1,1,511,384,paper
1170,paper315.jpg,512,384,3,79,18,417,384,paper
1171,paper316.jpg,512,384,3,6,6,462,384,paper
1172,paper317.jpg,512,384,3,160,95,311,259,paper
1173,paper318.jpg,512,384,3,48,67,452,345,paper
1174,paper319.jpg,512,384,3,1,2,462,384,paper
1175,paper32.jpg,512,384,3,60,16,427,353,paper
1176,paper320.jpg,512,384,3,129,42,512,383,paper
1177,paper321.jpg,512,384,3,54,89,495,384,paper
1178,paper322.jpg,512,384,3,55,78,507,384,paper
1179,paper323.jpg,512,384,3,5,1,287,384,paper
1180,paper324.jpg,512,384,3,48,83,441,277,paper
1181,paper325.jpg,512,384,3,74,52,376,289,paper
1182,paper326.jpg,512,384,3,2,1,511,382,paper
1183,paper327.jpg,512,384,3,72,41,395,332,paper
1184,paper328.jpg,512,384,3,1,142,511,384,paper
1185,paper329.jpg,512,384,3,105,4,383,351,paper
1186,paper33.jpg,512,384,3,103,3,426,384,paper
1187,paper330.jpg,512,384,3,73,4,512,346,paper
1188,paper331.jpg,512,384,3,41,40,404,346,paper
1189,paper332.jpg,512,384,3,5,44,450,384,paper
1190,paper333.jpg,512,384,3,83,31,454,299,paper
1191,paper334.jpg,512,384,3,192,113,349,277,paper
1192,paper335.jpg,512,384,3,1,1,511,384,paper
1193,paper336.jpg,512,384,3,2,1,509,384,paper
1194,paper337.jpg,512,384,3,45,54,429,359,paper
1195,paper338.jpg,512,384,3,6,2,506,384,paper
1196,paper339.jpg,512,384,3,27,29,394,384,paper
1197,paper34.jpg,512,384,3,1,1,512,380,paper
1198,paper340.jpg,512,384,3,48,2,484,384,paper
1199,paper341.jpg,512,384,3,2,104,440,384,paper
1200,paper342.jpg,512,384,3,1,2,456,384,paper
1201,paper343.jpg,512,384,3,41,141,512,383,paper
1202,paper344.jpg,512,384,3,82,72,508,384,paper
1203,paper345.jpg,512,384,3,4,5,512,381,paper
1204,paper346.jpg,512,384,3,100,48,438,371,paper
1205,paper347.jpg,512,384,3,2,15,464,384,paper
1206,paper348.jpg,512,384,3,31,121,400,340,paper
1207,paper349.jpg,512,384,3,1,2,371,384,paper
1208,paper35.jpg,512,384,3,27,2,503,379,paper
1209,paper350.jpg,512,384,3,76,27,417,334,paper
1210,paper351.jpg,512,384,3,1,1,509,384,paper
1211,paper352.jpg,512,384,3,171,43,375,358,paper
1212,paper353.jpg,512,384,3,7,4,458,384,paper
1213,paper354.jpg,512,384,3,76,86,407,274,paper
1214,paper355.jpg,512,384,3,24,168,508,384,paper
1215,paper356.jpg,512,384,3,39,11,474,361,paper
1216,paper357.jpg,512,384,3,31,14,428,340,paper
1217,paper358.jpg,512,384,3,1,1,512,379,paper
1218,paper359.jpg,512,384,3,90,39,391,348,paper
1219,paper36.jpg,512,384,3,80,46,487,343,paper
1220,paper360.jpg,512,384,3,1,1,511,384,paper
1221,paper361.jpg,512,384,3,27,2,451,334,paper
1222,paper362.jpg,512,384,3,162,1,510,384,paper
1223,paper363.jpg,512,384,3,157,24,318,291,paper
1224,paper364.jpg,512,384,3,73,17,441,384,paper
1225,paper365.jpg,512,384,3,1,2,407,384,paper
1226,paper366.jpg,512,384,3,12,33,496,338,paper
1227,paper367.jpg,512,384,3,31,1,420,384,paper
1228,paper368.jpg,512,384,3,129,87,366,301,paper
1229,paper369.jpg,512,384,3,6,3,512,357,paper
1230,paper37.jpg,512,384,3,1,93,463,384,paper
1231,paper370.jpg,512,384,3,68,124,389,264,paper
1232,paper371.jpg,512,384,3,4,68,460,384,paper
1233,paper372.jpg,512,384,3,6,7,499,376,paper
1234,paper373.jpg,512,384,3,80,64,296,330,paper
1235,paper374.jpg,512,384,3,106,117,333,290,paper
1236,paper375.jpg,512,384,3,23,1,464,384,paper
1237,paper376.jpg,512,384,3,12,73,422,329,paper
1238,paper377.jpg,512,384,3,70,64,400,266,paper
1239,paper378.jpg,512,384,3,4,20,462,384,paper
1240,paper379.jpg,512,384,3,14,4,511,384,paper
1241,paper38.jpg,512,384,3,61,60,510,384,paper
1242,paper380.jpg,512,384,3,2,3,481,384,paper
1243,paper381.jpg,512,384,3,3,2,512,382,paper
1244,paper382.jpg,512,384,3,1,178,486,276,paper
1245,paper383.jpg,512,384,3,58,1,450,378,paper
1246,paper384.jpg,512,384,3,15,61,456,300,paper
1247,paper385.jpg,512,384,3,174,100,359,292,paper
1248,paper386.jpg,512,384,3,124,1,512,377,paper
1249,paper387.jpg,512,384,3,156,98,299,247,paper
1250,paper388.jpg,512,384,3,64,5,454,384,paper
1251,paper389.jpg,512,384,3,44,97,467,304,paper
1252,paper39.jpg,512,384,3,52,117,402,384,paper
1253,paper390.jpg,512,384,3,25,1,512,378,paper
1254,paper391.jpg,512,384,3,16,1,501,384,paper
1255,paper392.jpg,512,384,3,2,5,459,384,paper
1256,paper393.jpg,512,384,3,21,2,474,361,paper
1257,paper394.jpg,512,384,3,57,71,378,290,paper
1258,paper395.jpg,512,384,3,10,41,450,375,paper
1259,paper396.jpg,512,384,3,7,2,460,384,paper
1260,paper397.jpg,512,384,3,55,38,491,384,paper
1261,paper398.jpg,512,384,3,66,4,362,340,paper
1262,paper399.jpg,512,384,3,69,1,512,370,paper
1263,paper4.jpg,512,384,3,81,18,447,347,paper
1264,paper40.jpg,512,384,3,1,41,438,384,paper
1265,paper400.jpg,512,384,3,40,60,478,365,paper
1266,paper401.jpg,512,384,3,1,4,443,384,paper
1267,paper402.jpg,512,384,3,2,1,452,360,paper
1268,paper403.jpg,512,384,3,59,62,438,368,paper
1269,paper404.jpg,512,384,3,1,30,435,384,paper
1270,paper405.jpg,512,384,3,28,2,485,384,paper
1271,paper406.jpg,512,384,3,132,226,451,384,paper
1272,paper407.jpg,512,384,3,1,3,474,379,paper
1273,paper408.jpg,512,384,3,2,1,444,380,paper
1274,paper409.jpg,512,384,3,2,3,512,208,paper
1275,paper41.jpg,512,384,3,1,3,510,384,paper
1276,paper410.jpg,512,384,3,1,1,387,384,paper
1277,paper411.jpg,512,384,3,1,3,512,381,paper
1278,paper412.jpg,512,384,3,2,60,512,369,paper
1279,paper413.jpg,512,384,3,5,3,512,379,paper
1280,paper414.jpg,512,384,3,45,41,492,384,paper
1281,paper415.jpg,512,384,3,19,1,458,384,paper
1282,paper416.jpg,512,384,3,29,2,466,380,paper
1283,paper417.jpg,512,384,3,108,64,337,328,paper
1284,paper418.jpg,512,384,3,1,2,411,331,paper
1285,paper419.jpg,512,384,3,111,79,356,279,paper
1286,paper42.jpg,512,384,3,1,1,483,384,paper
1287,paper420.jpg,512,384,3,2,2,512,330,paper
1288,paper421.jpg,512,384,3,89,111,354,287,paper
1289,paper422.jpg,512,384,3,32,1,388,381,paper
1290,paper423.jpg,512,384,3,2,2,378,346,paper
1291,paper424.jpg,512,384,3,71,6,438,334,paper
1292,paper425.jpg,512,384,3,2,75,447,366,paper
1293,paper426.jpg,512,384,3,74,124,460,308,paper
1294,paper427.jpg,512,384,3,62,31,443,351,paper
1295,paper428.jpg,512,384,3,195,89,345,260,paper
1296,paper429.jpg,512,384,3,10,5,450,384,paper
1297,paper43.jpg,512,384,3,2,120,493,384,paper
1298,paper430.jpg,512,384,3,1,2,510,384,paper
1299,paper431.jpg,512,384,3,85,35,354,362,paper
1300,paper432.jpg,512,384,3,2,26,512,360,paper
1301,paper433.jpg,512,384,3,1,2,438,373,paper
1302,paper434.jpg,512,384,3,2,2,490,322,paper
1303,paper435.jpg,512,384,3,54,3,471,384,paper
1304,paper436.jpg,512,384,3,2,2,512,381,paper
1305,paper437.jpg,512,384,3,27,45,458,312,paper
1306,paper438.jpg,512,384,3,90,27,391,354,paper
1307,paper439.jpg,512,384,3,18,2,512,381,paper
1308,paper44.jpg,512,384,3,49,1,427,384,paper
1309,paper440.jpg,512,384,3,3,1,512,368,paper
1310,paper441.jpg,512,384,3,47,73,444,384,paper
1311,paper442.jpg,512,384,3,3,122,394,384,paper
1312,paper443.jpg,512,384,3,1,2,508,384,paper
1313,paper444.jpg,512,384,3,40,3,435,353,paper
1314,paper445.jpg,512,384,3,40,3,417,375,paper
1315,paper446.jpg,512,384,3,103,65,372,384,paper
1316,paper447.jpg,512,384,3,60,11,430,375,paper
1317,paper448.jpg,512,384,3,3,84,499,384,paper
1318,paper449.jpg,512,384,3,41,126,420,349,paper
1319,paper45.jpg,512,384,3,37,70,418,299,paper
1320,paper450.jpg,512,384,3,5,55,487,356,paper
1321,paper451.jpg,512,384,3,3,3,511,383,paper
1322,paper452.jpg,512,384,3,76,3,450,376,paper
1323,paper453.jpg,512,384,3,4,13,467,316,paper
1324,paper454.jpg,512,384,3,4,26,497,384,paper
1325,paper455.jpg,512,384,3,1,1,509,384,paper
1326,paper456.jpg,512,384,3,94,123,352,312,paper
1327,paper457.jpg,512,384,3,3,2,512,377,paper
1328,paper458.jpg,512,384,3,2,1,488,383,paper
1329,paper459.jpg,512,384,3,1,77,511,382,paper
1330,paper46.jpg,512,384,3,40,2,470,384,paper
1331,paper460.jpg,512,384,3,1,1,493,384,paper
1332,paper461.jpg,512,384,3,1,1,302,384,paper
1333,paper462.jpg,512,384,3,1,4,509,384,paper
1334,paper463.jpg,512,384,3,2,3,507,384,paper
1335,paper464.jpg,512,384,3,1,2,506,384,paper
1336,paper465.jpg,512,384,3,141,38,333,376,paper
1337,paper466.jpg,512,384,3,1,78,512,378,paper
1338,paper467.jpg,512,384,3,52,115,404,384,paper
1339,paper468.jpg,512,384,3,132,90,398,291,paper
1340,paper47.jpg,512,384,3,23,1,507,384,paper
1341,paper470.jpg,512,384,3,1,1,429,351,paper
1342,paper471.jpg,512,384,3,1,32,441,375,paper
1343,paper472.jpg,512,384,3,2,24,511,384,paper
1344,paper473.jpg,512,384,3,31,1,420,355,paper
1345,paper474.jpg,512,384,3,31,67,423,384,paper
1346,paper475.jpg,512,384,3,100,56,387,258,paper
1347,paper476.jpg,512,384,3,89,1,479,384,paper
1348,paper477.jpg,512,384,3,73,42,445,334,paper
1349,paper478.jpg,512,384,3,2,2,430,384,paper
1350,paper479.jpg,512,384,3,99,59,334,305,paper
1351,paper48.jpg,512,384,3,88,22,380,353,paper
1352,paper480.jpg,512,384,3,45,3,497,384,paper
1353,paper481.jpg,512,384,3,1,3,486,320,paper
1354,paper482.jpg,512,384,3,18,84,509,384,paper
1355,paper483.jpg,512,384,3,107,1,334,343,paper
1356,paper484.jpg,512,384,3,19,6,382,384,paper
1357,paper485.jpg,512,384,3,62,1,439,384,paper
1358,paper486.jpg,512,384,3,68,126,418,284,paper
1359,paper487.jpg,512,384,3,7,19,428,384,paper
1360,paper488.jpg,512,384,3,1,2,504,384,paper
1361,paper489.jpg,512,384,3,49,1,512,371,paper
1362,paper49.jpg,512,384,3,1,2,498,384,paper
1363,paper490.jpg,512,384,3,1,1,503,384,paper
1364,paper491.jpg,512,384,3,79,18,404,384,paper
1365,paper492.jpg,512,384,3,1,1,512,328,paper
1366,paper493.jpg,512,384,3,33,1,512,241,paper
1367,paper494.jpg,512,384,3,11,30,464,382,paper
1368,paper495.jpg,512,384,3,41,16,488,384,paper
1369,paper496.jpg,512,384,3,1,2,509,384,paper
1370,paper497.jpg,512,384,3,38,75,507,316,paper
1371,paper498.jpg,512,384,3,95,84,364,299,paper
1372,paper499.jpg,512,384,3,96,119,297,275,paper
1373,paper5.jpg,512,384,3,97,1,427,373,paper
1374,paper50.jpg,512,384,3,60,47,441,348,paper
1375,paper500.jpg,512,384,3,17,2,454,384,paper
1376,paper501.jpg,512,384,3,90,33,400,384,paper
1377,paper502.jpg,512,384,3,44,4,444,384,paper
1378,paper503.jpg,512,384,3,113,94,383,314,paper
1379,paper504.jpg,512,384,3,1,1,512,383,paper
1380,paper505.jpg,512,384,3,168,58,351,364,paper
1381,paper506.jpg,512,384,3,23,13,425,365,paper
1382,paper507.jpg,512,384,3,36,12,502,310,paper
1383,paper508.jpg,512,384,3,1,3,510,384,paper
1384,paper509.jpg,512,384,3,78,2,494,384,paper
1385,paper51.jpg,512,384,3,2,181,512,382,paper
1386,paper510.jpg,512,384,3,1,1,511,382,paper
1387,paper511.jpg,512,384,3,55,87,482,311,paper
1388,paper512.jpg,512,384,3,29,1,403,365,paper
1389,paper513.jpg,512,384,3,1,2,498,384,paper
1390,paper514.jpg,512,384,3,1,3,474,346,paper
1391,paper515.jpg,512,384,3,83,1,470,365,paper
1392,paper516.jpg,512,384,3,43,5,394,370,paper
1393,paper517.jpg,512,384,3,84,74,357,301,paper
1394,paper518.jpg,512,384,3,18,12,449,350,paper
1395,paper519.jpg,512,384,3,61,1,462,384,paper
1396,paper52.jpg,512,384,3,109,71,365,262,paper
1397,paper520.jpg,512,384,3,78,23,333,336,paper
1398,paper521.jpg,512,384,3,74,76,409,239,paper
1399,paper522.jpg,512,384,3,64,2,443,373,paper
1400,paper523.jpg,512,384,3,111,98,335,321,paper
1401,paper524.jpg,512,384,3,18,37,372,384,paper
1402,paper525.jpg,512,384,3,2,38,405,384,paper
1403,paper526.jpg,512,384,3,1,2,465,384,paper
1404,paper527.jpg,512,384,3,6,1,415,384,paper
1405,paper528.jpg,512,384,3,1,1,465,376,paper
1406,paper529.jpg,512,384,3,25,2,502,384,paper
1407,paper53.jpg,512,384,3,1,1,512,383,paper
1408,paper530.jpg,512,384,3,90,73,416,288,paper
1409,paper531.jpg,512,384,3,1,1,397,362,paper
1410,paper532.jpg,512,384,3,50,63,450,328,paper
1411,paper533.jpg,512,384,3,1,2,445,384,paper
1412,paper534.jpg,512,384,3,71,2,442,377,paper
1413,paper535.jpg,512,384,3,1,4,395,384,paper
1414,paper536.jpg,512,384,3,83,86,354,315,paper
1415,paper537.jpg,512,384,3,1,1,505,384,paper
1416,paper538.jpg,512,384,3,135,26,350,344,paper
1417,paper539.jpg,512,384,3,26,2,428,384,paper
1418,paper54.jpg,512,384,3,93,116,434,320,paper
1419,paper540.jpg,512,384,3,1,5,481,384,paper
1420,paper541.jpg,512,384,3,2,3,512,315,paper
1421,paper542.jpg,512,384,3,4,9,473,384,paper
1422,paper543.jpg,512,384,3,55,111,449,348,paper
1423,paper544.jpg,512,384,3,1,2,438,384,paper
1424,paper545.jpg,512,384,3,88,65,310,289,paper
1425,paper546.jpg,512,384,3,31,1,474,384,paper
1426,paper547.jpg,512,384,3,1,26,440,348,paper
1427,paper548.jpg,512,384,3,102,96,378,264,paper
1428,paper549.jpg,512,384,3,60,77,453,326,paper
1429,paper55.jpg,512,384,3,56,56,469,361,paper
1430,paper550.jpg,512,384,3,162,74,310,363,paper
1431,paper551.jpg,512,384,3,1,3,368,343,paper
1432,paper552.jpg,512,384,3,170,95,393,282,paper
1433,paper553.jpg,512,384,3,1,2,512,373,paper
1434,paper554.jpg,512,384,3,91,72,414,319,paper
1435,paper555.jpg,512,384,3,43,2,401,384,paper
1436,paper556.jpg,512,384,3,14,46,512,382,paper
1437,paper557.jpg,512,384,3,37,45,438,359,paper
1438,paper558.jpg,512,384,3,1,3,512,380,paper
1439,paper559.jpg,512,384,3,2,6,512,382,paper
1440,paper56.jpg,512,384,3,2,1,482,384,paper
1441,paper560.jpg,512,384,3,64,81,445,299,paper
1442,paper561.jpg,512,384,3,28,50,473,306,paper
1443,paper562.jpg,512,384,3,47,1,488,384,paper
1444,paper563.jpg,512,384,3,2,3,512,377,paper
1445,paper564.jpg,512,384,3,117,70,401,322,paper
1446,paper565.jpg,512,384,3,1,6,470,384,paper
1447,paper566.jpg,512,384,3,1,2,494,315,paper
1448,paper567.jpg,512,384,3,136,107,318,276,paper
1449,paper568.jpg,512,384,3,1,2,511,384,paper
1450,paper569.jpg,512,384,3,52,1,446,384,paper
1451,paper57.jpg,512,384,3,2,169,512,379,paper
1452,paper570.jpg,512,384,3,3,5,431,384,paper
1453,paper571.jpg,512,384,3,104,106,298,296,paper
1454,paper572.jpg,512,384,3,73,3,431,327,paper
1455,paper573.jpg,512,384,3,74,79,446,359,paper
1456,paper574.jpg,512,384,3,4,127,481,266,paper
1457,paper575.jpg,512,384,3,1,1,484,384,paper
1458,paper576.jpg,512,384,3,138,41,368,313,paper
1459,paper577.jpg,512,384,3,84,75,420,376,paper
1460,paper578.jpg,512,384,3,1,4,489,384,paper
1461,paper579.jpg,512,384,3,75,19,366,376,paper
1462,paper58.jpg,512,384,3,35,51,366,313,paper
1463,paper580.jpg,512,384,3,66,1,512,363,paper
1464,paper581.jpg,512,384,3,1,1,512,375,paper
1465,paper582.jpg,512,384,3,1,39,490,330,paper
1466,paper583.jpg,512,384,3,115,34,322,356,paper
1467,paper584.jpg,512,384,3,140,49,374,340,paper
1468,paper585.jpg,512,384,3,48,5,430,365,paper
1469,paper586.jpg,512,384,3,19,4,433,364,paper
1470,paper587.jpg,512,384,3,70,78,430,274,paper
1471,paper588.jpg,512,384,3,144,131,389,326,paper
1472,paper589.jpg,512,384,3,133,141,379,291,paper
1473,paper59.jpg,512,384,3,84,1,438,372,paper
1474,paper592.jpg,512,384,3,36,75,419,358,paper
1475,paper593.jpg,512,384,3,122,65,345,310,paper
1476,paper594.jpg,512,384,3,100,122,296,264,paper
1477,paper6.jpg,512,384,3,128,1,511,384,paper
1478,paper60.jpg,512,384,3,44,1,471,369,paper
1479,paper61.jpg,512,384,3,90,2,512,381,paper
1480,paper62.jpg,512,384,3,168,1,290,384,paper
1481,paper63.jpg,512,384,3,16,3,480,348,paper
1482,paper64.jpg,512,384,3,28,1,466,384,paper
1483,paper65.jpg,512,384,3,31,33,438,358,paper
1484,paper66.jpg,512,384,3,1,78,512,382,paper
1485,paper67.jpg,512,384,3,21,3,468,278,paper
1486,paper68.jpg,512,384,3,2,2,458,369,paper
1487,paper69.jpg,512,384,3,99,40,485,384,paper
1488,paper7.jpg,512,384,3,102,77,507,384,paper
1489,paper70.jpg,512,384,3,80,6,374,361,paper
1490,paper71.jpg,512,384,3,134,126,305,271,paper
1491,paper72.jpg,512,384,3,44,5,440,376,paper
1492,paper73.jpg,512,384,3,1,1,500,384,paper
1493,paper74.jpg,512,384,3,1,1,463,364,paper
1494,paper75.jpg,512,384,3,99,91,328,306,paper
1495,paper76.jpg,512,384,3,25,1,427,384,paper
1496,paper77.jpg,512,384,3,3,93,484,338,paper
1497,paper78.jpg,512,384,3,59,14,374,384,paper
1498,paper79.jpg,512,384,3,10,46,425,327,paper
1499,paper8.jpg,512,384,3,1,2,296,384,paper
1500,paper80.jpg,512,384,3,45,2,470,384,paper
1501,paper81.jpg,512,384,3,2,1,512,380,paper
1502,paper82.jpg,512,384,3,2,3,511,384,paper
1503,paper83.jpg,512,384,3,1,2,511,384,paper
1504,paper84.jpg,512,384,3,1,72,446,384,paper
1505,paper85.jpg,512,384,3,1,83,507,384,paper
1506,paper86.jpg,512,384,3,1,1,438,384,paper
1507,paper87.jpg,512,384,3,19,92,451,384,paper
1508,paper88.jpg,512,384,3,1,3,421,365,paper
1509,paper89.jpg,512,384,3,29,63,420,384,paper
1510,paper9.jpg,512,384,3,4,1,507,384,paper
1511,paper90.jpg,512,384,3,1,2,512,380,paper
1512,paper91.jpg,512,384,3,39,79,456,335,paper
1513,paper92.jpg,512,384,3,18,2,411,335,paper
1514,paper93.jpg,512,384,3,36,2,443,384,paper
1515,paper94.jpg,512,384,3,25,50,402,384,paper
1516,paper95.jpg,512,384,3,44,162,512,380,paper
1517,paper96.jpg,512,384,3,81,60,437,320,paper
1518,paper97.jpg,512,384,3,1,3,375,384,paper
1519,paper98.jpg,512,384,3,125,115,374,299,paper
1520,paper99.jpg,512,384,3,1,3,473,384,paper
1521,plastic135.jpg,512,384,3,157,92,339,268,plastic
1522,plastic187.jpg,512,384,3,14,91,311,278,plastic
1523,plastic189.jpg,512,384,3,45,98,477,300,plastic
1524,plastic19.jpg,512,384,3,149,84,330,259,plastic
1525,plastic190.jpg,512,384,3,1,38,511,384,plastic
1526,plastic191.jpg,512,384,3,182,132,512,347,plastic
1527,plastic192.jpg,512,384,3,81,1,479,370,plastic
1528,plastic193.jpg,512,384,3,49,50,460,297,plastic
1529,plastic194.jpg,512,384,3,28,1,512,352,plastic
1530,plastic195.jpg,512,384,3,175,100,512,383,plastic
1531,plastic196.jpg,512,384,3,1,1,358,328,plastic
1532,plastic197.jpg,512,384,3,20,57,476,289,plastic
1533,plastic198.jpg,512,384,3,8,1,479,382,plastic
1534,plastic199.jpg,512,384,3,140,14,386,374,plastic
1535,plastic2.jpg,512,384,3,19,107,476,263,plastic
1536,plastic20.jpg,512,384,3,83,28,380,349,plastic
1537,plastic200.jpg,512,384,3,207,97,382,384,plastic
1538,plastic201.jpg,512,384,3,88,2,468,374,plastic
1539,plastic202.jpg,512,384,3,68,92,462,267,plastic
1540,plastic203.jpg,512,384,3,58,1,409,384,plastic
1541,plastic204.jpg,512,384,3,1,1,511,369,plastic
1542,plastic205.jpg,512,384,3,1,34,383,353,plastic
1543,plastic206.jpg,512,384,3,54,112,471,384,plastic
1544,plastic207.jpg,512,384,3,1,2,464,350,plastic
1545,plastic208.jpg,512,384,3,100,118,512,342,plastic
1546,plastic209.jpg,512,384,3,125,48,421,384,plastic
1547,plastic21.jpg,512,384,3,78,97,511,308,plastic
1548,plastic210.jpg,512,384,3,1,1,408,384,plastic
1549,plastic211.jpg,512,384,3,33,1,464,308,plastic
1550,plastic212.jpg,512,384,3,81,1,485,373,plastic
1551,plastic213.jpg,512,384,3,113,27,362,321,plastic
1552,plastic214.jpg,512,384,3,13,58,512,383,plastic
1553,plastic215.jpg,512,384,3,143,145,479,384,plastic
1554,plastic216.jpg,512,384,3,34,7,511,384,plastic
1555,plastic217.jpg,512,384,3,255,154,512,349,plastic
1556,plastic218.jpg,512,384,3,28,1,512,338,plastic
1557,plastic219.jpg,512,384,3,94,43,430,384,plastic
1558,plastic22.jpg,512,384,3,168,50,413,286,plastic
1559,plastic220.jpg,512,384,3,109,79,502,332,plastic
1560,plastic221.jpg,512,384,3,183,49,512,383,plastic
1561,plastic222.jpg,512,384,3,210,194,460,384,plastic
1562,plastic223.jpg,512,384,3,97,1,512,383,plastic
1563,plastic224.jpg,512,384,3,32,26,476,319,plastic
1564,plastic225.jpg,512,384,3,1,75,510,384,plastic
1565,plastic226.jpg,512,384,3,7,57,450,354,plastic
1566,plastic227.jpg,512,384,3,66,11,487,303,plastic
1567,plastic228.jpg,512,384,3,119,7,432,319,plastic
1568,plastic229.jpg,512,384,3,163,57,359,259,plastic
1569,plastic23.jpg,512,384,3,180,110,345,261,plastic
1570,plastic230.jpg,512,384,3,41,112,398,289,plastic
1571,plastic231.jpg,512,384,3,1,1,499,336,plastic
1572,plastic232.jpg,512,384,3,127,108,512,362,plastic
1573,plastic233.jpg,512,384,3,135,140,384,384,plastic
1574,plastic234.jpg,512,384,3,77,106,436,290,plastic
1575,plastic235.jpg,512,384,3,47,1,512,357,plastic
1576,plastic236.jpg,512,384,3,112,61,426,269,plastic
1577,plastic237.jpg,512,384,3,64,99,463,325,plastic
1578,plastic238.jpg,512,384,3,1,28,512,383,plastic
1579,plastic239.jpg,512,384,3,66,1,395,255,plastic
1580,plastic24.jpg,512,384,3,211,2,512,187,plastic
1581,plastic240.jpg,512,384,3,38,29,438,287,plastic
1582,plastic241.jpg,512,384,3,1,95,474,308,plastic
1583,plastic242.jpg,512,384,3,57,106,460,384,plastic
1584,plastic243.jpg,512,384,3,1,61,512,383,plastic
1585,plastic244.jpg,512,384,3,5,76,484,365,plastic
1586,plastic245.jpg,512,384,3,95,35,419,333,plastic
1587,plastic246.jpg,512,384,3,1,1,512,328,plastic
1588,plastic247.jpg,512,384,3,98,109,488,384,plastic
1589,plastic248.jpg,512,384,3,23,10,409,369,plastic
1590,plastic249.jpg,512,384,3,104,47,368,293,plastic
1591,plastic25.jpg,512,384,3,1,1,511,382,plastic
1592,plastic250.jpg,512,384,3,1,2,420,315,plastic
1593,plastic251.jpg,512,384,3,1,70,483,226,plastic
1594,plastic252.jpg,512,384,3,81,118,467,384,plastic
1595,plastic253.jpg,512,384,3,44,1,406,309,plastic
1596,plastic254.jpg,512,384,3,12,106,512,383,plastic
1597,plastic255.jpg,512,384,3,150,39,444,384,plastic
1598,plastic256.jpg,512,384,3,186,103,362,282,plastic
1599,plastic257.jpg,512,384,3,4,105,512,291,plastic
1600,plastic258.jpg,512,384,3,140,21,512,383,plastic
1601,plastic259.jpg,512,384,3,158,46,411,296,plastic
1602,plastic26.jpg,512,384,3,188,101,356,260,plastic
1603,plastic260.jpg,512,384,3,212,48,512,305,plastic
1604,plastic261.jpg,512,384,3,64,2,399,323,plastic
1605,plastic262.jpg,512,384,3,157,105,460,384,plastic
1606,plastic263.jpg,512,384,3,117,1,479,384,plastic
1607,plastic264.jpg,512,384,3,99,131,512,383,plastic
1608,plastic265.jpg,512,384,3,149,1,335,250,plastic
1609,plastic266.jpg,512,384,3,81,87,370,244,plastic
1610,plastic267.jpg,512,384,3,39,1,512,285,plastic
1611,plastic268.jpg,512,384,3,1,87,512,383,plastic
1612,plastic269.jpg,512,384,3,112,110,433,316,plastic
1613,plastic27.jpg,512,384,3,47,26,453,295,plastic
1614,plastic270.jpg,512,384,3,142,46,392,295,plastic
1615,plastic271.jpg,512,384,3,91,103,494,384,plastic
1616,plastic272.jpg,512,384,3,12,99,512,320,plastic
1617,plastic273.jpg,512,384,3,78,1,476,353,plastic
1618,plastic274.jpg,512,384,3,179,50,354,384,plastic
1619,plastic275.jpg,512,384,3,115,83,408,299,plastic
1620,plastic276.jpg,512,384,3,164,78,351,383,plastic
1621,plastic277.jpg,512,384,3,151,1,387,286,plastic
1622,plastic278.jpg,512,384,3,178,99,399,384,plastic
1623,plastic279.jpg,512,384,3,1,1,506,345,plastic
1624,plastic28.jpg,512,384,3,132,1,511,383,plastic
1625,plastic280.jpg,512,384,3,40,80,497,324,plastic
1626,plastic281.jpg,512,384,3,1,109,511,384,plastic
1627,plastic282.jpg,512,384,3,1,1,488,382,plastic
1628,plastic283.jpg,512,384,3,61,1,430,328,plastic
1629,plastic284.jpg,512,384,3,24,1,511,384,plastic
1630,plastic285.jpg,512,384,3,89,39,507,384,plastic
1631,plastic286.jpg,512,384,3,69,41,426,384,plastic
1632,plastic287.jpg,512,384,3,68,98,452,251,plastic
1633,plastic288.jpg,512,384,3,171,33,425,384,plastic
1634,plastic289.jpg,512,384,3,145,1,360,384,plastic
1635,plastic29.jpg,512,384,3,181,21,512,382,plastic
1636,plastic290.jpg,512,384,3,213,149,492,384,plastic
1637,plastic291.jpg,512,384,3,1,72,459,308,plastic
1638,plastic292.jpg,512,384,3,80,57,468,278,plastic
1639,plastic293.jpg,512,384,3,151,1,448,351,plastic
1640,plastic294.jpg,512,384,3,191,102,384,280,plastic
1641,plastic295.jpg,512,384,3,149,78,353,384,plastic
1642,plastic296.jpg,512,384,3,23,122,509,300,plastic
1643,plastic297.jpg,512,384,3,1,37,372,375,plastic
1644,plastic298.jpg,512,384,3,33,67,446,227,plastic
1645,plastic299.jpg,512,384,3,100,71,385,384,plastic
1646,plastic3.jpg,512,384,3,105,74,387,281,plastic
1647,plastic30.jpg,512,384,3,30,1,436,297,plastic
1648,plastic300.jpg,512,384,3,30,101,460,278,plastic
1649,plastic301.jpg,512,384,3,145,120,490,384,plastic
1650,plastic302.jpg,512,384,3,53,129,512,337,plastic
1651,plastic303.jpg,512,384,3,232,182,386,384,plastic
1652,plastic304.jpg,512,384,3,1,36,153,384,plastic
1653,plastic305.jpg,512,384,3,51,1,481,311,plastic
1654,plastic306.jpg,512,384,3,113,1,404,321,plastic
1655,plastic307.jpg,512,384,3,128,18,391,291,plastic
1656,plastic308.jpg,512,384,3,132,56,403,384,plastic
1657,plastic309.jpg,512,384,3,250,122,512,383,plastic
1658,plastic31.jpg,512,384,3,173,43,401,271,plastic
1659,plastic310.jpg,512,384,3,1,1,511,339,plastic
1660,plastic311.jpg,512,384,3,33,134,389,384,plastic
1661,plastic312.jpg,512,384,3,108,2,512,383,plastic
1662,plastic313.jpg,512,384,3,99,68,427,279,plastic
1663,plastic314.jpg,512,384,3,54,8,393,370,plastic
1664,plastic315.jpg,512,384,3,118,72,396,282,plastic
1665,plastic316.jpg,512,384,3,95,127,449,384,plastic
1666,plastic317.jpg,512,384,3,134,35,420,315,plastic
1667,plastic318.jpg,512,384,3,57,1,398,336,plastic
1668,plastic319.jpg,512,384,3,43,40,453,317,plastic
1669,plastic32.jpg,512,384,3,106,1,430,367,plastic
1670,plastic320.jpg,512,384,3,1,1,512,376,plastic
1671,plastic321.jpg,512,384,3,74,102,482,384,plastic
1672,plastic322.jpg,512,384,3,66,1,453,327,plastic
1673,plastic323.jpg,512,384,3,146,49,413,314,plastic
1674,plastic324.jpg,512,384,3,157,40,477,384,plastic
1675,plastic325.jpg,512,384,3,121,63,348,384,plastic
1676,plastic326.jpg,512,384,3,57,51,444,312,plastic
1677,plastic327.jpg,512,384,3,193,158,399,384,plastic
1678,plastic328.jpg,512,384,3,98,16,447,367,plastic
1679,plastic329.jpg,512,384,3,94,1,452,345,plastic
1680,plastic33.jpg,512,384,3,91,70,373,350,plastic
1681,plastic330.jpg,512,384,3,48,1,440,384,plastic
1682,plastic331.jpg,512,384,3,130,118,465,257,plastic
1683,plastic332.jpg,512,384,3,132,36,326,346,plastic
1684,plastic333.jpg,512,384,3,94,1,444,345,plastic
1685,plastic334.jpg,512,384,3,38,50,466,231,plastic
1686,plastic335.jpg,512,384,3,140,63,490,384,plastic
1687,plastic336.jpg,512,384,3,146,69,344,249,plastic
1688,plastic337.jpg,512,384,3,64,1,460,294,plastic
1689,plastic338.jpg,512,384,3,91,84,215,263,plastic
1690,plastic339.jpg,512,384,3,87,35,492,384,plastic
1691,plastic34.jpg,512,384,3,230,1,362,253,plastic
1692,plastic340.jpg,512,384,3,38,92,488,355,plastic
1693,plastic341.jpg,512,384,3,156,1,512,285,plastic
1694,plastic342.jpg,512,384,3,174,63,471,384,plastic
1695,plastic343.jpg,512,384,3,13,138,511,384,plastic
1696,plastic344.jpg,512,384,3,1,29,512,383,plastic
1697,plastic345.jpg,512,384,3,123,74,464,384,plastic
1698,plastic346.jpg,512,384,3,34,118,453,273,plastic
1699,plastic347.jpg,512,384,3,117,1,512,383,plastic
1700,plastic348.jpg,512,384,3,139,68,352,282,plastic
1701,plastic349.jpg,512,384,3,204,9,512,370,plastic
1702,plastic35.jpg,512,384,3,198,97,403,303,plastic
1703,plastic350.jpg,512,384,3,219,47,423,384,plastic
1704,plastic351.jpg,512,384,3,56,109,476,309,plastic
1705,plastic352.jpg,512,384,3,3,1,391,384,plastic
1706,plastic353.jpg,512,384,3,128,106,413,222,plastic
1707,plastic354.jpg,512,384,3,92,30,512,383,plastic
1708,plastic355.jpg,512,384,3,91,74,511,384,plastic
1709,plastic356.jpg,512,384,3,152,1,370,338,plastic
1710,plastic357.jpg,512,384,3,142,129,456,384,plastic
1711,plastic358.jpg,512,384,3,34,158,473,299,plastic
1712,plastic359.jpg,512,384,3,76,131,416,268,plastic
1713,plastic36.jpg,512,384,3,30,50,472,350,plastic
1714,plastic360.jpg,512,384,3,105,98,404,253,plastic
1715,plastic361.jpg,512,384,3,148,118,358,293,plastic
1716,plastic362.jpg,512,384,3,191,1,512,230,plastic
1717,plastic363.jpg,512,384,3,111,120,317,292,plastic
1718,plastic364.jpg,512,384,3,1,1,512,383,plastic
1719,plastic365.jpg,512,384,3,113,42,475,384,plastic
1720,plastic366.jpg,512,384,3,50,25,474,384,plastic
1721,plastic367.jpg,512,384,3,181,1,443,337,plastic
1722,plastic368.jpg,512,384,3,1,1,512,383,plastic
1723,plastic369.jpg,512,384,3,99,1,511,384,plastic
1724,plastic37.jpg,512,384,3,2,50,512,346,plastic
1725,plastic370.jpg,512,384,3,64,117,454,267,plastic
1726,plastic371.jpg,512,384,3,122,1,453,384,plastic
1727,plastic372.jpg,512,384,3,213,1,512,262,plastic
1728,plastic373.jpg,512,384,3,136,35,456,293,plastic
1729,plastic374.jpg,512,384,3,73,106,446,232,plastic
1730,plastic375.jpg,512,384,3,75,138,431,354,plastic
1731,plastic376.jpg,512,384,3,44,78,475,384,plastic
1732,plastic377.jpg,512,384,3,119,21,382,288,plastic
1733,plastic378.jpg,512,384,3,252,21,403,375,plastic
1734,plastic379.jpg,512,384,3,88,90,454,246,plastic
1735,plastic38.jpg,512,384,3,136,79,511,383,plastic
1736,plastic380.jpg,512,384,3,82,101,396,304,plastic
1737,plastic381.jpg,512,384,3,68,101,450,251,plastic
1738,plastic382.jpg,512,384,3,17,56,486,249,plastic
1739,plastic383.jpg,512,384,3,112,133,452,263,plastic
1740,plastic384.jpg,512,384,3,137,1,422,349,plastic
1741,plastic385.jpg,512,384,3,150,64,376,293,plastic
1742,plastic386.jpg,512,384,3,123,104,414,244,plastic
1743,plastic387.jpg,512,384,3,1,1,495,384,plastic
1744,plastic388.jpg,512,384,3,1,22,493,382,plastic
1745,plastic389.jpg,512,384,3,231,103,511,384,plastic
1746,plastic39.jpg,512,384,3,1,78,512,383,plastic
1747,plastic390.jpg,512,384,3,1,1,429,383,plastic
1748,plastic391.jpg,512,384,3,174,28,512,383,plastic
1749,plastic392.jpg,512,384,3,70,45,378,302,plastic
1750,plastic393.jpg,512,384,3,34,146,430,286,plastic
1751,plastic394.jpg,512,384,3,160,2,338,279,plastic
1752,plastic395.jpg,512,384,3,53,51,496,243,plastic
1753,plastic396.jpg,512,384,3,1,43,496,384,plastic
1754,plastic397.jpg,512,384,3,97,104,395,279,plastic
1755,plastic398.jpg,512,384,3,99,60,372,334,plastic
1756,plastic399.jpg,512,384,3,158,74,363,280,plastic
1757,plastic4.jpg,512,384,3,93,60,372,300,plastic
1758,plastic40.jpg,512,384,3,1,1,428,322,plastic
1759,plastic400.jpg,512,384,3,64,100,458,384,plastic
1760,plastic401.jpg,512,384,3,96,137,406,253,plastic
1761,plastic402.jpg,512,384,3,1,129,430,384,plastic
1762,plastic403.jpg,512,384,3,76,10,390,384,plastic
1763,plastic404.jpg,512,384,3,77,32,336,384,plastic
1764,plastic405.jpg,512,384,3,1,1,512,383,plastic
1765,plastic406.jpg,512,384,3,139,133,360,384,plastic
1766,plastic407.jpg,512,384,3,124,1,451,384,plastic
1767,plastic408.jpg,512,384,3,1,1,512,383,plastic
1768,plastic409.jpg,512,384,3,103,105,462,282,plastic
1769,plastic41.jpg,512,384,3,113,54,373,311,plastic
1770,plastic410.jpg,512,384,3,186,28,512,383,plastic
1771,plastic411.jpg,512,384,3,195,112,512,364,plastic
1772,plastic412.jpg,512,384,3,87,95,373,263,plastic
1773,plastic413.jpg,512,384,3,171,1,417,279,plastic
1774,plastic414.jpg,512,384,3,67,104,362,384,plastic
1775,plastic415.jpg,512,384,3,180,145,436,384,plastic
1776,plastic416.jpg,512,384,3,1,93,460,384,plastic
1777,plastic417.jpg,512,384,3,55,1,479,323,plastic
1778,plastic418.jpg,512,384,3,59,85,434,384,plastic
1779,plastic419.jpg,512,384,3,186,1,393,335,plastic
1780,plastic42.jpg,512,384,3,113,12,511,342,plastic
1781,plastic420.jpg,512,384,3,297,83,495,384,plastic
1782,plastic421.jpg,512,384,3,77,115,421,276,plastic
1783,plastic422.jpg,512,384,3,24,117,511,384,plastic
1784,plastic423.jpg,512,384,3,62,1,417,320,plastic
1785,plastic424.jpg,512,384,3,34,5,512,383,plastic
1786,plastic425.jpg,512,384,3,106,51,450,333,plastic
1787,plastic426.jpg,512,384,3,155,89,394,330,plastic
1788,plastic427.jpg,512,384,3,150,104,351,309,plastic
1789,plastic428.jpg,512,384,3,67,73,409,307,plastic
1790,plastic429.jpg,512,384,3,16,1,512,334,plastic
1791,plastic43.jpg,512,384,3,238,115,398,280,plastic
1792,plastic430.jpg,512,384,3,158,42,512,382,plastic
1793,plastic431.jpg,512,384,3,143,122,443,285,plastic
1794,plastic432.jpg,512,384,3,156,120,476,384,plastic
1795,plastic433.jpg,512,384,3,109,94,423,295,plastic
1796,plastic434.jpg,512,384,3,56,1,358,285,plastic
1797,plastic435.jpg,512,384,3,119,1,413,345,plastic
1798,plastic436.jpg,512,384,3,1,18,503,373,plastic
1799,plastic437.jpg,512,384,3,12,87,511,384,plastic
1800,plastic438.jpg,512,384,3,139,53,512,374,plastic
1801,plastic439.jpg,512,384,3,205,85,395,384,plastic
1802,plastic44.jpg,512,384,3,146,17,426,355,plastic
1803,plastic440.jpg,512,384,3,128,66,495,384,plastic
1804,plastic441.jpg,512,384,3,83,60,356,314,plastic
1805,plastic442.jpg,512,384,3,1,1,503,236,plastic
1806,plastic443.jpg,512,384,3,101,1,469,371,plastic
1807,plastic444.jpg,512,384,3,190,60,512,383,plastic
1808,plastic445.jpg,512,384,3,150,137,439,384,plastic
1809,plastic446.jpg,512,384,3,101,1,395,302,plastic
1810,plastic447.jpg,512,384,3,106,89,434,233,plastic
1811,plastic448.jpg,512,384,3,113,128,399,294,plastic
1812,plastic449.jpg,512,384,3,139,93,400,341,plastic
1813,plastic45.jpg,512,384,3,153,137,439,384,plastic
1814,plastic450.jpg,512,384,3,33,132,331,290,paper
1815,plastic451.jpg,512,384,3,124,104,396,305,plastic
1816,plastic452.jpg,512,384,3,209,155,382,273,plastic
1817,plastic453.jpg,512,384,3,95,112,333,318,plastic
1818,plastic454.jpg,512,384,3,96,88,329,265,plastic
1819,plastic455.jpg,512,384,3,82,22,472,371,plastic
1820,plastic456.jpg,512,384,3,34,80,393,382,plastic
1821,plastic457.jpg,512,384,3,201,1,498,363,plastic
1822,plastic458.jpg,512,384,3,119,128,350,258,plastic
1823,plastic459.jpg,512,384,3,104,51,345,366,plastic
1824,plastic46.jpg,512,384,3,111,126,511,384,plastic
1825,plastic460.jpg,512,384,3,53,88,286,384,plastic
1826,plastic461.jpg,512,384,3,66,86,324,351,plastic
1827,plastic462.jpg,512,384,3,89,159,397,334,plastic
1828,plastic463.jpg,512,384,3,180,143,377,384,plastic
1829,plastic464.jpg,512,384,3,102,1,450,384,plastic
1830,plastic465.jpg,512,384,3,152,1,406,294,plastic
1831,plastic466.jpg,512,384,3,145,138,332,340,plastic
1832,plastic467.jpg,512,384,3,178,7,356,216,plastic
1833,plastic468.jpg,512,384,3,33,99,477,263,plastic
1834,plastic469.jpg,512,384,3,1,82,308,355,plastic
1835,plastic47.jpg,512,384,3,109,130,380,225,plastic
1836,plastic470.jpg,512,384,3,67,40,365,316,plastic
1837,plastic471.jpg,512,384,3,77,12,375,350,plastic
1838,plastic472.jpg,512,384,3,17,78,472,371,plastic
1839,plastic473.jpg,512,384,3,231,35,413,362,plastic
1840,plastic474.jpg,512,384,3,116,324,495,384,plastic
1841,plastic475.jpg,512,384,3,105,97,247,384,plastic
1842,plastic476.jpg,512,384,3,208,90,274,298,plastic
1843,plastic477.jpg,512,384,3,104,89,396,282,plastic
1844,plastic478.jpg,512,384,3,143,36,370,333,plastic
1845,plastic479.jpg,512,384,3,191,53,350,309,plastic
1846,plastic48.jpg,512,384,3,228,2,512,374,plastic
1847,plastic480.jpg,512,384,3,211,159,378,384,plastic
1848,plastic481.jpg,512,384,3,227,184,340,240,plastic
1849,plastic482.jpg,512,384,3,212,153,293,277,plastic
1850,plastic49.jpg,512,384,3,33,106,466,274,plastic
1851,plastic5.jpg,512,384,3,173,57,296,295,plastic
1852,plastic50.jpg,512,384,3,62,2,447,360,plastic
1853,plastic51.jpg,512,384,3,40,99,327,384,plastic
1854,plastic52.jpg,512,384,3,147,88,363,304,plastic
1855,plastic53.jpg,512,384,3,65,30,482,384,plastic
1856,plastic54.jpg,512,384,3,1,1,511,383,plastic
1857,plastic55.jpg,512,384,3,1,2,377,384,plastic
1858,plastic56.jpg,512,384,3,113,20,432,330,plastic
1859,plastic57.jpg,512,384,3,172,71,481,384,plastic
1860,plastic58.jpg,512,384,3,200,79,483,384,plastic
1861,plastic59.jpg,512,384,3,48,1,454,309,plastic
1862,plastic6.jpg,512,384,3,101,47,326,341,plastic
1863,plastic60.jpg,512,384,3,46,156,416,280,plastic
1864,plastic61.jpg,512,384,3,141,44,448,348,plastic
1865,plastic62.jpg,512,384,3,120,24,397,384,plastic
1866,plastic63.jpg,512,384,3,122,88,404,368,plastic
1867,plastic64.jpg,512,384,3,73,48,411,281,plastic
1868,plastic65.jpg,512,384,3,104,143,330,384,plastic
1869,plastic66.jpg,512,384,3,27,1,512,314,plastic
1870,plastic67.jpg,512,384,3,43,62,464,384,plastic
1871,plastic68.jpg,512,384,3,130,1,512,274,plastic
1872,plastic69.jpg,512,384,3,20,40,435,270,plastic
1873,plastic7.jpg,512,384,3,50,96,321,283,plastic
1874,plastic70.jpg,512,384,3,1,157,435,384,plastic
1875,plastic71.jpg,512,384,3,38,38,462,308,plastic
1876,plastic72.jpg,512,384,3,143,32,400,286,plastic
1877,plastic73.jpg,512,384,3,183,47,343,384,plastic
1878,plastic74.jpg,512,384,3,106,2,474,384,plastic
1879,plastic75.jpg,512,384,3,143,1,432,298,plastic
1880,plastic76.jpg,512,384,3,179,97,397,309,plastic
1881,plastic77.jpg,512,384,3,149,23,450,320,plastic
1882,plastic78.jpg,512,384,3,1,78,512,382,plastic
1883,plastic79.jpg,512,384,3,1,1,451,382,plastic
1884,plastic8.jpg,512,384,3,138,52,422,329,plastic
1885,plastic80.jpg,512,384,3,63,82,478,320,plastic
1886,plastic81.jpg,512,384,3,1,1,391,382,plastic
1887,plastic82.jpg,512,384,3,56,1,512,382,plastic
1888,plastic83.jpg,512,384,3,177,1,512,293,plastic
1889,plastic84.jpg,512,384,3,155,1,512,383,plastic
1890,plastic85.jpg,512,384,3,216,34,486,302,plastic
1891,plastic86.jpg,512,384,3,1,100,511,384,plastic
1892,plastic87.jpg,512,384,3,1,1,512,308,plastic
1893,plastic88.jpg,512,384,3,113,4,477,384,plastic
1894,plastic89.jpg,512,384,3,59,57,512,383,plastic
1895,plastic9.jpg,512,384,3,167,146,321,243,plastic
1896,plastic90.jpg,512,384,3,152,53,409,313,plastic
1897,plastic91.jpg,512,384,3,209,40,395,384,plastic
1898,plastic92.jpg,512,384,3,1,52,511,384,plastic
1899,plastic93.jpg,512,384,3,136,74,399,384,plastic
1900,plastic94.jpg,512,384,3,71,124,454,279,plastic
1901,plastic95.jpg,512,384,3,1,87,511,312,plastic
1902,plastic96.jpg,512,384,3,119,79,452,275,plastic
1903,plastic97.jpg,512,384,3,68,58,348,315,plastic
1904,plastic98.jpg,512,384,3,136,60,368,290,plastic
1905,plastic99.jpg,512,384,3,67,53,309,272,plastic
1906,trash124.jpg,512,384,3,109,45,374,348,trash
1907,trash125.jpg,512,384,3,145,94,330,301,trash
1908,trash126.jpg,512,384,3,163,113,322,274,trash
1909,trash127.jpg,512,384,3,148,188,269,228,trash
1910,trash128.jpg,512,384,3,196,158,311,274,trash
1911,trash129.jpg,512,384,3,134,109,411,294,trash
1912,trash13.jpg,512,384,3,130,1,410,335,trash
1913,trash130.jpg,512,384,3,222,33,304,336,trash
1914,trash131.jpg,512,384,3,192,36,284,347,trash
1915,trash132.jpg,512,384,3,176,111,288,262,trash
1916,trash133.jpg,512,384,3,212,162,325,251,trash
1917,trash134.jpg,512,384,3,130,130,451,325,trash
1918,trash135.jpg,512,384,3,43,54,435,346,trash
1919,trash136.jpg,512,384,3,74,78,341,341,trash
1920,trash137.jpg,512,384,3,174,105,393,300,trash
1921,trash14.jpg,512,384,3,128,232,143,244,trash
1922,trash15.jpg,512,384,3,157,86,379,274,trash
1923,trash16.jpg,512,384,3,67,1,512,382,trash
1924,trash17.jpg,512,384,3,1,28,455,384,trash
1925,trash18.jpg,512,384,3,3,5,476,384,trash
1926,trash19.jpg,512,384,3,191,61,391,307,trash
1927,trash2.jpg,512,384,3,146,83,425,276,trash
1928,trash20.jpg,512,384,3,142,61,509,384,trash
1929,trash21.jpg,512,384,3,73,80,403,235,trash
1930,trash22.jpg,512,384,3,198,54,356,304,trash
1931,trash23.jpg,512,384,3,88,13,481,333,trash
1932,trash24.jpg,512,384,3,141,19,496,384,trash
1933,trash25.jpg,512,384,3,184,1,360,384,trash
1934,trash26.jpg,512,384,3,194,117,420,327,trash
1935,trash27.jpg,512,384,3,125,159,437,260,trash
1936,trash28.jpg,512,384,3,114,57,419,363,trash
1937,trash29.jpg,512,384,3,47,26,498,311,trash
1938,trash3.jpg,512,384,3,7,16,506,368,trash
1939,trash30.jpg,512,384,3,148,2,451,320,trash
1940,trash31.jpg,512,384,3,94,65,444,304,trash
1941,trash32.jpg,512,384,3,140,55,337,278,trash
1942,trash33.jpg,512,384,3,56,35,500,323,trash
1943,trash34.jpg,512,384,3,134,59,385,314,trash
1944,trash35.jpg,512,384,3,160,37,409,285,trash
1945,trash36.jpg,512,384,3,118,30,481,338,trash
1946,trash37.jpg,512,384,3,100,4,453,321,trash
1947,trash38.jpg,512,384,3,209,67,369,308,trash
1948,trash39.jpg,512,384,3,146,91,383,292,trash
1949,trash4.jpg,512,384,3,70,74,458,384,trash
1950,trash40.jpg,512,384,3,124,78,408,317,trash
1951,trash41.jpg,512,384,3,122,61,370,329,trash
1952,trash42.jpg,512,384,3,93,1,499,384,trash
1953,trash43.jpg,512,384,3,141,136,355,266,trash
1954,trash44.jpg,512,384,3,165,73,373,312,trash
1955,trash45.jpg,512,384,3,115,76,447,375,trash
1956,trash46.jpg,512,384,3,5,9,463,384,trash
1957,trash47.jpg,512,384,3,97,2,388,363,trash
1958,trash48.jpg,512,384,3,199,75,359,309,trash
1959,trash49.jpg,512,384,3,157,56,427,365,trash
1960,trash5.jpg,512,384,3,54,4,440,365,trash
1961,trash50.jpg,512,384,3,180,122,431,359,trash
1962,trash51.jpg,512,384,3,236,61,358,354,trash
1963,trash52.jpg,512,384,3,29,65,512,366,trash
1964,trash53.jpg,512,384,3,85,132,293,325,trash
1965,trash54.jpg,512,384,3,2,1,512,340,trash
1966,trash55.jpg,512,384,3,194,69,377,254,trash
1967,trash56.jpg,512,384,3,93,5,390,373,trash
1968,trash57.jpg,512,384,3,86,68,362,320,trash
1969,trash58.jpg,512,384,3,68,5,512,382,trash
1970,trash59.jpg,512,384,3,91,19,353,384,trash
1971,trash6.jpg,512,384,3,150,82,412,312,trash
1972,trash60.jpg,512,384,3,132,37,348,295,trash
1973,trash61.jpg,512,384,3,313,195,323,205,trash
1974,trash62.jpg,512,384,3,169,105,327,295,trash
1975,trash63.jpg,512,384,3,114,20,447,370,trash
1976,trash64.jpg,512,384,3,241,27,415,316,trash
1977,trash65.jpg,512,384,3,53,3,460,384,trash
1978,trash66.jpg,512,384,3,63,23,459,348,trash
1979,trash67.jpg,512,384,3,31,6,475,378,trash
1980,trash68.jpg,512,384,3,212,98,369,308,trash
1981,trash69.jpg,512,384,3,83,41,356,309,trash
1982,trash7.jpg,512,384,3,218,140,352,263,trash
1983,trash70.jpg,512,384,3,2,3,498,377,trash
1984,trash71.jpg,512,384,3,156,51,415,342,trash
1985,trash72.jpg,512,384,3,111,93,421,338,trash
1986,trash73.jpg,512,384,3,103,5,366,384,trash
1987,trash74.jpg,512,384,3,121,51,512,329,trash
1988,trash75.jpg,512,384,3,133,77,353,306,trash
1989,trash76.jpg,512,384,3,338,200,355,218,trash
1990,trash77.jpg,512,384,3,160,18,474,275,trash
1991,trash78.jpg,512,384,3,81,108,427,300,trash
1992,trash79.jpg,512,384,3,146,69,352,304,trash
1993,trash8.jpg,512,384,3,77,69,486,339,trash
1994,trash80.jpg,512,384,3,186,80,375,274,trash
1995,trash81.jpg,512,384,3,114,42,399,384,trash
1996,trash82.jpg,512,384,3,70,8,344,384,trash
1997,trash83.jpg,512,384,3,181,66,377,263,trash
1998,trash84.jpg,512,384,3,16,29,441,384,trash
1999,trash85.jpg,512,384,3,181,107,388,293,trash
2000,trash86.jpg,512,384,3,94,39,355,384,trash
2001,trash87.jpg,512,384,3,75,44,376,375,trash
2002,trash88.jpg,512,384,3,84,15,403,321,trash
2003,trash89.jpg,512,384,3,114,4,401,375,trash
2004,trash9.jpg,512,384,3,136,75,394,286,trash
2005,trash90.jpg,512,384,3,59,26,354,332,trash
2006,trash91.jpg,512,384,3,2,3,476,381,trash
2007,trash92.jpg,512,384,3,140,137,156,149,trash
2008,trash93.jpg,512,384,3,205,3,500,384,trash
2009,trash94.jpg,512,384,3,188,85,395,301,trash
2010,trash95.jpg,512,384,3,174,122,338,256,trash
2011,trash96.jpg,512,384,3,7,65,509,384,trash
2012,trash97.jpg,512,384,3,148,61,439,372,trash
2013,trash98.jpg,512,384,3,74,50,434,363,trash
2014,trash99.jpg,512,384,3,191,53,321,305,trash
