,filename,xmin,ymin,xmax,ymax,name
0,cardboard1.jpg,2,4,509,384,cardboard
1,cardboard10.jpg,1,3,512,383,cardboard
2,cardboard100.jpg,1,1,511,384,cardboard
3,cardboard101.jpg,1,2,510,384,cardboard
4,cardboard102.jpg,2,3,512,382,cardboard
5,cardboard103.jpg,1,2,511,384,cardboard
6,cardboard104.jpg,1,1,512,381,cardboard
7,cardboard105.jpg,1,1,510,384,cardboard
8,cardboard106.jpg,1,1,511,384,cardboard
9,cardboard107.jpg,1,1,512,383,cardboard
10,cardboard108.jpg,1,1,512,381,cardboard
11,cardboard109.jpg,75,3,512,381,cardboard
12,cardboard11.jpg,1,19,512,381,cardboard
13,cardboard110.jpg,1,2,512,383,cardboard
14,cardboard111.jpg,1,1,512,383,cardboard
15,cardboard112.jpg,5,153,492,384,cardboard
16,cardboard113.jpg,1,2,510,384,cardboard
17,cardboard114.jpg,1,1,487,382,cardboard
18,cardboard115.jpg,1,3,512,382,cardboard
19,cardboard116.jpg,2,2,477,289,cardboard
20,cardboard117.jpg,1,3,511,384,cardboard
21,cardboard118.jpg,1,24,505,384,cardboard
22,cardboard119.jpg,6,16,507,356,cardboard
23,cardboard12.jpg,1,1,511,384,cardboard
24,cardboard120.jpg,1,109,512,382,cardboard
25,cardboard121.jpg,1,1,512,382,cardboard
26,cardboard122.jpg,1,1,512,383,cardboard
27,cardboard123.jpg,4,39,512,383,cardboard
28,cardboard124.jpg,19,1,512,340,cardboard
29,cardboard125.jpg,1,1,483,384,cardboard
30,cardboard126.jpg,1,2,511,384,cardboard
31,cardboard127.jpg,1,1,512,382,cardboard
32,cardboard128.jpg,1,1,469,302,cardboard
33,cardboard129.jpg,2,1,510,384,cardboard
34,cardboard13.jpg,1,1,509,382,cardboard
35,cardboard130.jpg,42,38,466,341,cardboard
36,cardboard131.jpg,130,17,481,384,cardboard
37,cardboard132.jpg,87,65,384,312,cardboard
38,cardboard133.jpg,92,76,361,329,cardboard
39,cardboard134.jpg,102,49,349,338,cardboard
40,cardboard135.jpg,1,1,512,383,cardboard
41,cardboard136.jpg,138,68,317,269,cardboard
42,cardboard137.jpg,141,110,340,247,cardboard
43,cardboard138.jpg,1,2,512,382,cardboard
44,cardboard139.jpg,2,3,512,381,cardboard
45,cardboard14.jpg,1,1,508,278,cardboard
46,cardboard140.jpg,1,1,419,278,cardboard
47,cardboard141.jpg,1,1,510,384,cardboard
48,cardboard142.jpg,81,71,380,294,cardboard
49,cardboard143.jpg,78,32,354,341,cardboard
50,cardboard144.jpg,84,110,383,351,cardboard
51,cardboard145.jpg,124,35,371,362,cardboard
52,cardboard146.jpg,11,2,445,384,cardboard
53,cardboard147.jpg,1,2,413,384,cardboard
54,cardboard148.jpg,1,1,461,381,cardboard
55,cardboard149.jpg,1,1,445,384,cardboard
56,cardboard15.jpg,1,2,284,380,cardboard
57,cardboard150.jpg,148,158,373,317,cardboard
58,cardboard151.jpg,138,117,297,282,cardboard
59,cardboard152.jpg,169,123,343,318,cardboard
60,cardboard153.jpg,73,42,406,340,cardboard
61,cardboard154.jpg,65,47,385,351,cardboard
62,cardboard155.jpg,1,1,511,384,cardboard
63,cardboard156.jpg,1,2,512,383,cardboard
64,cardboard157.jpg,1,1,512,383,cardboard
65,cardboard158.jpg,1,1,511,384,cardboard
66,cardboard159.jpg,1,1,512,380,cardboard
67,cardboard16.jpg,1,1,469,384,cardboard
68,cardboard160.jpg,2,1,512,382,cardboard
69,cardboard161.jpg,1,7,512,279,cardboard
70,cardboard162.jpg,1,1,512,382,cardboard
71,cardboard163.jpg,17,45,458,371,cardboard
72,cardboard164.jpg,54,6,511,384,cardboard
73,cardboard165.jpg,1,1,512,383,cardboard
74,cardboard166.jpg,1,2,425,384,cardboard
75,cardboard167.jpg,1,118,455,345,cardboard
76,cardboard168.jpg,8,69,499,320,cardboard
77,cardboard169.jpg,65,130,373,316,cardboard
78,cardboard17.jpg,1,2,512,383,cardboard
79,cardboard170.jpg,86,69,375,310,cardboard
80,cardboard171.jpg,153,139,384,268,cardboard
81,cardboard172.jpg,88,35,437,371,cardboard
82,cardboard173.jpg,57,97,390,332,cardboard
83,cardboard174.jpg,1,8,486,384,cardboard
84,cardboard175.jpg,27,1,498,384,cardboard
85,cardboard176.jpg,2,2,471,384,cardboard
86,cardboard177.jpg,1,1,467,384,cardboard
87,cardboard178.jpg,1,3,382,384,cardboard
88,cardboard179.jpg,55,25,420,384,cardboard
89,cardboard18.jpg,2,1,512,383,cardboard
90,cardboard180.jpg,1,28,455,384,cardboard
91,cardboard181.jpg,1,1,482,384,cardboard
92,cardboard182.jpg,1,2,461,384,cardboard
93,cardboard183.jpg,32,1,512,382,cardboard
94,cardboard184.jpg,14,12,512,313,cardboard
95,cardboard185.jpg,5,55,512,338,cardboard
96,cardboard186.jpg,1,25,504,369,cardboard
97,cardboard187.jpg,13,1,437,384,cardboard
98,cardboard188.jpg,79,1,412,384,cardboard
99,cardboard189.jpg,1,2,444,384,cardboard
100,cardboard19.jpg,22,1,512,383,cardboard
101,cardboard190.jpg,29,22,471,373,cardboard
102,cardboard191.jpg,16,1,502,384,cardboard
103,cardboard192.jpg,1,1,512,382,cardboard
104,cardboard193.jpg,1,27,495,325,cardboard
105,cardboard194.jpg,8,37,505,331,cardboard
106,cardboard195.jpg,57,1,435,384,cardboard
107,cardboard196.jpg,81,1,512,379,cardboard
108,cardboard197.jpg,1,55,487,384,cardboard
109,cardboard198.jpg,1,1,448,384,cardboard
110,cardboard199.jpg,4,32,458,320,cardboard
111,cardboard2.jpg,1,4,512,382,cardboard
112,cardboard20.jpg,1,2,512,381,cardboard
113,cardboard200.jpg,14,46,512,382,cardboard
114,cardboard201.jpg,59,2,411,371,cardboard
115,cardboard202.jpg,101,1,345,384,cardboard
116,cardboard203.jpg,98,34,420,384,cardboard
117,cardboard204.jpg,35,10,425,384,cardboard
118,cardboard205.jpg,19,3,402,368,cardboard
119,cardboard206.jpg,1,2,454,384,cardboard
120,cardboard207.jpg,36,4,480,384,cardboard
121,cardboard208.jpg,8,41,512,315,cardboard
122,cardboard209.jpg,1,24,498,384,cardboard
123,cardboard21.jpg,1,1,512,383,cardboard
124,cardboard210.jpg,1,1,458,383,cardboard
125,cardboard211.jpg,4,40,491,357,cardboard
126,cardboard212.jpg,66,2,387,380,cardboard
127,cardboard213.jpg,22,17,389,384,cardboard
128,cardboard214.jpg,102,3,324,384,cardboard
129,cardboard215.jpg,25,33,375,348,cardboard
130,cardboard216.jpg,122,96,327,286,cardboard
131,cardboard217.jpg,117,98,342,311,cardboard
132,cardboard218.jpg,90,79,284,320,cardboard
133,cardboard219.jpg,16,6,342,375,cardboard
134,cardboard22.jpg,1,1,512,383,cardboard
135,cardboard220.jpg,33,68,301,369,cardboard
136,cardboard221.jpg,2,2,512,383,cardboard
137,cardboard222.jpg,2,1,511,384,cardboard
138,cardboard223.jpg,1,1,512,382,cardboard
139,cardboard224.jpg,1,2,512,382,cardboard
140,cardboard225.jpg,1,2,512,382,cardboard
141,cardboard226.jpg,1,2,512,382,cardboard
142,cardboard227.jpg,1,1,512,380,cardboard
143,cardboard228.jpg,1,1,471,384,cardboard
144,cardboard229.jpg,1,1,492,303,cardboard
145,cardboard23.jpg,1,2,512,383,cardboard
146,cardboard230.jpg,2,2,512,383,cardboard
147,cardboard231.jpg,1,1,512,383,cardboard
148,cardboard232.jpg,1,1,512,381,cardboard
149,cardboard233.jpg,1,1,512,381,cardboard
150,cardboard234.jpg,1,1,512,383,cardboard
151,cardboard235.jpg,1,1,510,384,cardboard
152,cardboard236.jpg,1,1,511,384,cardboard
153,cardboard237.jpg,1,4,512,383,cardboard
154,cardboard238.jpg,71,45,458,335,cardboard
155,cardboard239.jpg,1,2,512,381,cardboard
156,cardboard24.jpg,1,1,511,384,cardboard
157,cardboard240.jpg,1,1,512,383,cardboard
158,cardboard241.jpg,1,1,512,383,cardboard
159,cardboard242.jpg,1,1,512,383,cardboard
160,cardboard243.jpg,1,2,512,383,cardboard
161,cardboard244.jpg,1,2,512,383,cardboard
162,cardboard245.jpg,2,1,512,383,cardboard
163,cardboard246.jpg,18,2,511,384,cardboard
164,cardboard247.jpg,1,2,512,383,cardboard
165,cardboard248.jpg,1,1,512,382,cardboard
166,cardboard249.jpg,1,1,512,383,cardboard
167,cardboard25.jpg,1,2,512,383,cardboard
168,cardboard250.jpg,1,1,511,384,cardboard
169,cardboard251.jpg,1,1,512,382,cardboard
170,cardboard252.jpg,1,1,512,382,cardboard
171,cardboard253.jpg,1,1,512,381,cardboard
172,cardboard254.jpg,1,1,505,384,cardboard
173,cardboard255.jpg,1,1,512,382,cardboard
174,cardboard256.jpg,1,2,511,384,cardboard
175,cardboard257.jpg,2,1,476,384,cardboard
176,cardboard258.jpg,1,1,512,383,cardboard
177,cardboard259.jpg,1,1,512,383,cardboard
178,cardboard26.jpg,3,84,512,381,cardboard
179,cardboard260.jpg,1,1,512,381,cardboard
180,cardboard261.jpg,1,1,511,384,cardboard
181,cardboard262.jpg,1,1,511,384,cardboard
182,cardboard263.jpg,1,1,512,383,cardboard
183,cardboard264.jpg,1,1,512,382,cardboard
184,cardboard265.jpg,1,1,511,384,cardboard
185,cardboard266.jpg,1,2,512,382,cardboard
186,cardboard267.jpg,1,2,512,381,cardboard
187,cardboard268.jpg,1,1,512,383,cardboard
188,cardboard269.jpg,1,1,511,384,cardboard
189,cardboard27.jpg,1,1,510,384,cardboard
190,cardboard270.jpg,1,1,510,384,cardboard
191,cardboard271.jpg,1,1,512,382,cardboard
192,cardboard272.jpg,1,1,512,383,cardboard
193,cardboard273.jpg,1,1,512,383,cardboard
194,cardboard274.jpg,1,1,512,383,cardboard
195,cardboard275.jpg,11,3,512,316,cardboard
196,cardboard276.jpg,1,2,511,384,cardboard
197,cardboard277.jpg,1,1,511,384,cardboard
198,cardboard278.jpg,1,1,512,383,cardboard
199,cardboard279.jpg,1,1,512,383,cardboard
200,cardboard28.jpg,4,154,512,381,cardboard
201,cardboard280.jpg,1,1,512,383,cardboard
202,cardboard281.jpg,1,1,512,382,cardboard
203,cardboard282.jpg,1,1,512,382,cardboard
204,cardboard283.jpg,1,1,512,383,cardboard
205,cardboard284.jpg,1,1,511,384,cardboard
206,cardboard285.jpg,1,1,512,383,cardboard
207,cardboard286.jpg,56,15,512,382,cardboard
208,cardboard287.jpg,1,1,512,383,cardboard
209,cardboard288.jpg,32,1,511,384,cardboard
210,cardboard289.jpg,1,1,511,384,cardboard
211,cardboard29.jpg,2,1,512,383,cardboard
212,cardboard290.jpg,1,2,512,383,cardboard
213,cardboard291.jpg,1,1,510,384,cardboard
214,cardboard292.jpg,1,1,510,384,cardboard
215,cardboard293.jpg,1,2,512,382,cardboard
216,cardboard294.jpg,81,3,457,384,cardboard
217,cardboard295.jpg,1,1,511,384,cardboard
218,cardboard296.jpg,25,1,392,274,cardboard
219,cardboard297.jpg,1,1,512,383,cardboard
220,cardboard298.jpg,1,1,512,382,cardboard
221,cardboard299.jpg,1,1,511,384,cardboard
222,cardboard3.jpg,1,5,509,378,cardboard
223,cardboard30.jpg,1,1,512,382,cardboard
224,cardboard300.jpg,1,1,512,382,cardboard
225,cardboard301.jpg,1,1,512,381,cardboard
226,cardboard302.jpg,1,1,512,383,cardboard
227,cardboard303.jpg,1,1,512,383,cardboard
228,cardboard304.jpg,1,1,510,384,cardboard
229,cardboard305.jpg,1,1,511,384,cardboard
230,cardboard306.jpg,1,1,512,383,cardboard
231,cardboard307.jpg,1,1,512,382,cardboard
232,cardboard308.jpg,1,2,512,382,cardboard
233,cardboard309.jpg,1,1,512,257,cardboard
234,cardboard31.jpg,1,3,512,383,cardboard
235,cardboard310.jpg,1,2,509,384,cardboard
236,cardboard311.jpg,1,1,512,382,cardboard
237,cardboard312.jpg,1,1,512,382,cardboard
238,cardboard313.jpg,1,1,512,383,cardboard
239,cardboard314.jpg,133,1,512,382,cardboard
240,cardboard315.jpg,1,1,511,384,cardboard
241,cardboard316.jpg,1,1,511,384,cardboard
242,cardboard317.jpg,1,1,512,383,cardboard
243,cardboard318.jpg,1,1,512,382,cardboard
244,cardboard319.jpg,1,1,512,383,cardboard
245,cardboard32.jpg,1,1,512,383,cardboard
246,cardboard320.jpg,1,1,511,384,cardboard
247,cardboard321.jpg,1,1,512,383,cardboard
248,cardboard322.jpg,2,1,512,382,cardboard
249,cardboard323.jpg,1,1,512,381,cardboard
250,cardboard324.jpg,1,1,510,384,cardboard
251,cardboard325.jpg,1,2,512,383,cardboard
252,cardboard326.jpg,1,1,512,381,cardboard
253,cardboard327.jpg,63,1,512,383,cardboard
254,cardboard328.jpg,1,1,512,383,cardboard
255,cardboard329.jpg,1,1,512,382,cardboard
256,cardboard33.jpg,3,108,509,384,cardboard
257,cardboard330.jpg,1,1,512,383,cardboard
258,cardboard331.jpg,1,2,374,383,cardboard
259,cardboard332.jpg,1,1,512,383,cardboard
260,cardboard333.jpg,1,59,458,384,cardboard
261,cardboard334.jpg,1,1,511,384,cardboard
262,cardboard335.jpg,1,1,512,383,cardboard
263,cardboard336.jpg,1,1,510,384,cardboard
264,cardboard337.jpg,1,1,511,384,cardboard
265,cardboard338.jpg,1,1,512,382,cardboard
266,cardboard339.jpg,1,1,512,383,cardboard
267,cardboard34.jpg,1,1,512,382,cardboard
268,cardboard340.jpg,1,1,512,383,cardboard
269,cardboard341.jpg,1,1,511,384,cardboard
270,cardboard342.jpg,1,1,512,383,cardboard
271,cardboard343.jpg,1,1,512,383,cardboard
272,cardboard344.jpg,1,2,511,384,cardboard
273,cardboard345.jpg,1,1,512,383,cardboard
274,cardboard346.jpg,1,2,511,384,cardboard
275,cardboard347.jpg,1,2,512,383,cardboard
276,cardboard348.jpg,1,1,512,382,cardboard
277,cardboard349.jpg,1,1,511,384,cardboard
278,cardboard35.jpg,1,1,512,382,cardboard
279,cardboard350.jpg,1,34,512,383,cardboard
280,cardboard351.jpg,1,1,512,382,cardboard
281,cardboard352.jpg,1,1,512,382,cardboard
282,cardboard353.jpg,111,86,484,384,cardboard
283,cardboard354.jpg,35,1,492,384,cardboard
284,cardboard355.jpg,1,1,512,382,cardboard
285,cardboard356.jpg,1,2,512,382,cardboard
286,cardboard357.jpg,1,1,511,384,cardboard
287,cardboard358.jpg,84,2,512,366,cardboard
288,cardboard359.jpg,1,2,512,381,cardboard
289,cardboard36.jpg,1,1,512,382,cardboard
290,cardboard360.jpg,1,1,511,384,cardboard
291,cardboard361.jpg,2,2,511,384,cardboard
292,cardboard362.jpg,2,1,512,381,cardboard
293,cardboard363.jpg,1,2,512,382,cardboard
294,cardboard364.jpg,1,20,512,383,cardboard
295,cardboard365.jpg,1,1,510,384,cardboard
296,cardboard366.jpg,1,1,512,382,cardboard
297,cardboard367.jpg,1,2,512,383,cardboard
298,cardboard368.jpg,1,1,512,383,cardboard
299,cardboard369.jpg,1,1,511,384,cardboard
300,cardboard37.jpg,1,1,511,384,cardboard
301,cardboard370.jpg,1,1,512,382,cardboard
302,cardboard371.jpg,1,2,512,383,cardboard
303,cardboard372.jpg,1,1,512,383,cardboard
304,cardboard373.jpg,1,2,512,383,cardboard
305,cardboard374.jpg,1,2,512,383,cardboard
306,cardboard375.jpg,1,1,511,384,cardboard
307,cardboard376.jpg,1,2,512,383,cardboard
308,cardboard377.jpg,2,2,512,383,cardboard
309,cardboard378.jpg,1,2,512,383,cardboard
310,cardboard379.jpg,1,1,512,383,cardboard
311,cardboard38.jpg,1,1,512,382,cardboard
312,cardboard380.jpg,1,2,512,382,cardboard
313,cardboard381.jpg,1,2,512,383,cardboard
314,cardboard382.jpg,1,1,510,384,cardboard
315,cardboard383.jpg,1,1,512,383,cardboard
316,cardboard384.jpg,1,2,411,384,cardboard
317,cardboard385.jpg,60,48,453,341,cardboard
318,cardboard386.jpg,1,1,512,382,cardboard
319,cardboard387.jpg,53,1,449,384,cardboard
320,cardboard388.jpg,1,1,512,383,cardboard
321,cardboard389.jpg,1,1,512,382,cardboard
322,cardboard39.jpg,1,2,512,383,cardboard
323,cardboard390.jpg,1,1,512,383,cardboard
324,cardboard391.jpg,1,1,510,384,cardboard
325,cardboard392.jpg,1,149,512,368,cardboard
326,cardboard393.jpg,1,1,512,382,cardboard
327,cardboard394.jpg,1,1,512,383,cardboard
328,cardboard395.jpg,1,1,512,383,cardboard
329,cardboard396.jpg,1,1,512,382,cardboard
330,cardboard397.jpg,1,1,512,383,cardboard
331,cardboard398.jpg,1,1,510,383,cardboard
332,cardboard399.jpg,122,1,511,384,cardboard
333,cardboard4.jpg,1,4,512,383,cardboard
334,cardboard40.jpg,1,2,509,384,cardboard
335,cardboard400.jpg,1,1,512,383,cardboard
336,cardboard401.jpg,1,1,511,384,cardboard
337,cardboard402.jpg,1,1,512,383,cardboard
338,cardboard403.jpg,1,57,512,383,cardboard
339,cardboard41.jpg,54,27,510,255,cardboard
340,cardboard42.jpg,1,2,512,382,cardboard
341,cardboard43.jpg,1,1,511,384,cardboard
342,cardboard44.jpg,1,1,511,384,cardboard
343,cardboard45.jpg,2,1,511,384,cardboard
344,cardboard46.jpg,1,1,512,383,cardboard
345,cardboard47.jpg,1,2,512,383,cardboard
346,cardboard48.jpg,1,1,511,384,cardboard
347,cardboard49.jpg,106,2,510,384,cardboard
348,cardboard5.jpg,2,2,511,381,cardboard
349,cardboard50.jpg,2,2,512,383,cardboard
350,cardboard51.jpg,1,1,512,382,cardboard
351,cardboard52.jpg,1,1,512,383,cardboard
352,cardboard53.jpg,2,3,511,384,cardboard
353,cardboard54.jpg,1,3,383,384,cardboard
354,cardboard55.jpg,1,1,512,382,cardboard
355,cardboard56.jpg,2,1,512,383,cardboard
356,cardboard57.jpg,1,1,511,384,cardboard
357,cardboard58.jpg,1,4,512,382,cardboard
358,cardboard59.jpg,1,1,512,382,cardboard
359,cardboard6.jpg,1,3,510,382,cardboard
360,cardboard60.jpg,1,2,512,382,cardboard
361,cardboard61.jpg,1,1,511,384,cardboard
362,cardboard62.jpg,2,2,512,382,cardboard
363,cardboard63.jpg,1,1,512,381,cardboard
364,cardboard64.jpg,1,2,512,382,cardboard
365,cardboard65.jpg,1,3,512,382,cardboard
366,cardboard66.jpg,1,1,512,383,cardboard
367,cardboard67.jpg,1,1,511,384,cardboard
368,cardboard68.jpg,1,1,512,383,cardboard
369,cardboard69.jpg,1,1,512,383,cardboard
370,cardboard7.jpg,1,2,510,383,cardboard
371,cardboard70.jpg,7,1,512,382,cardboard
372,cardboard71.jpg,3,3,512,380,cardboard
373,cardboard72.jpg,3,3,512,382,cardboard
374,cardboard73.jpg,2,2,512,383,cardboard
375,cardboard74.jpg,1,1,512,383,cardboard
376,cardboard75.jpg,1,3,512,381,cardboard
377,cardboard76.jpg,1,1,512,383,cardboard
378,cardboard77.jpg,1,3,512,383,cardboard
379,cardboard78.jpg,1,1,512,382,cardboard
380,cardboard79.jpg,1,1,510,384,cardboard
381,cardboard8.jpg,1,3,508,379,cardboard
382,cardboard80.jpg,1,1,511,384,cardboard
383,cardboard81.jpg,1,6,436,384,cardboard
384,cardboard82.jpg,1,1,512,383,cardboard
385,cardboard83.jpg,1,1,512,383,cardboard
386,cardboard84.jpg,1,1,511,384,cardboard
387,cardboard85.jpg,8,2,512,377,cardboard
388,cardboard86.jpg,1,1,512,383,cardboard
389,cardboard87.jpg,1,1,512,383,cardboard
390,cardboard88.jpg,1,2,512,381,cardboard
391,cardboard89.jpg,2,4,512,383,cardboard
392,cardboard9.jpg,1,2,510,383,cardboard
393,cardboard90.jpg,1,1,512,383,cardboard
394,cardboard91.jpg,2,3,512,383,cardboard
395,cardboard92.jpg,1,2,510,384,cardboard
396,cardboard93.jpg,3,2,494,384,cardboard
397,cardboard94.jpg,2,1,416,384,cardboard
398,cardboard95.jpg,1,3,510,384,cardboard
399,cardboard96.jpg,1,2,512,382,cardboard
400,cardboard97.jpg,1,2,494,384,cardboard
401,cardboard98.jpg,1,2,512,383,cardboard
402,cardboard99.jpg,1,55,512,316,cardboard
403,glass1.jpg,207,184,441,321,glass
404,glass10.jpg,47,266,511,382,glass
405,glass100.jpg,22,107,485,311,glass
406,glass101.jpg,166,23,446,384,glass
407,glass102.jpg,75,109,416,248,glass
408,glass103.jpg,185,1,424,384,glass
409,glass104.jpg,1,40,462,190,glass
410,glass105.jpg,157,97,398,384,glass
411,glass106.jpg,172,1,311,353,glass
412,glass107.jpg,190,1,441,384,glass
413,glass108.jpg,125,98,366,292,glass
414,glass109.jpg,122,2,512,352,glass
415,glass11.jpg,59,88,448,293,glass
416,glass110.jpg,107,61,377,384,glass
417,glass111.jpg,117,44,404,317,glass
418,glass112.jpg,80,183,441,384,glass
419,glass113.jpg,48,141,445,252,glass
420,glass114.jpg,150,80,483,384,glass
421,glass115.jpg,204,113,312,221,glass
422,glass116.jpg,1,98,377,312,glass
423,glass117.jpg,92,1,512,332,glass
424,glass118.jpg,1,39,512,241,glass
425,glass119.jpg,84,1,365,384,glass
426,glass12.jpg,55,75,320,225,glass
427,glass120.jpg,255,107,512,382,glass
428,glass121.jpg,1,54,512,272,glass
429,glass122.jpg,1,1,326,379,glass
430,glass123.jpg,55,2,436,263,glass
431,glass124.jpg,1,82,460,290,glass
432,glass125.jpg,26,140,512,289,glass
433,glass126.jpg,142,1,512,378,glass
434,glass127.jpg,223,126,322,228,glass
435,glass128.jpg,33,65,512,255,glass
436,glass129.jpg,181,2,512,383,glass
437,glass13.jpg,73,84,304,294,glass
438,glass130.jpg,143,94,512,299,glass
439,glass131.jpg,131,1,419,307,glass
440,glass132.jpg,175,119,314,257,glass
441,glass133.jpg,177,55,508,384,glass
442,glass134.jpg,158,159,512,382,glass
443,glass135.jpg,101,68,402,259,glass
444,glass136.jpg,189,77,362,384,glass
445,glass137.jpg,1,124,381,303,glass
446,glass138.jpg,54,55,366,384,glass
447,glass139.jpg,1,1,512,381,glass
448,glass14.jpg,178,132,332,248,glass
449,glass140.jpg,121,107,323,253,glass
450,glass141.jpg,1,1,316,377,glass
451,glass142.jpg,54,1,469,384,glass
452,glass143.jpg,3,104,512,360,glass
453,glass144.jpg,138,47,366,345,glass
454,glass145.jpg,2,119,512,349,glass
455,glass146.jpg,179,1,373,384,glass
456,glass147.jpg,111,67,312,217,glass
457,glass148.jpg,31,91,441,384,glass
458,glass149.jpg,1,76,505,206,glass
459,glass15.jpg,108,119,306,272,glass
460,glass150.jpg,43,36,377,328,glass
461,glass151.jpg,1,101,512,351,glass
462,glass152.jpg,56,116,479,260,glass
463,glass153.jpg,125,33,378,292,glass
464,glass154.jpg,205,1,478,384,glass
465,glass155.jpg,98,124,512,335,glass
466,glass156.jpg,1,9,512,382,glass
467,glass157.jpg,1,1,408,384,glass
468,glass158.jpg,172,99,451,384,glass
469,glass159.jpg,175,71,353,384,glass
470,glass16.jpg,99,54,289,203,glass
471,glass160.jpg,137,76,398,323,glass
472,glass161.jpg,83,139,377,235,glass
473,glass162.jpg,113,91,459,384,glass
474,glass163.jpg,2,14,306,338,glass
475,glass164.jpg,189,39,512,383,glass
476,glass165.jpg,2,1,406,227,glass
477,glass166.jpg,51,153,392,255,glass
478,glass167.jpg,20,65,338,360,glass
479,glass168.jpg,176,62,423,300,glass
480,glass169.jpg,140,36,399,323,glass
481,glass17.jpg,2,61,496,291,glass
482,glass170.jpg,141,98,325,283,glass
483,glass171.jpg,104,97,407,276,glass
484,glass172.jpg,159,122,475,269,glass
485,glass173.jpg,165,134,354,322,glass
486,glass174.jpg,1,2,431,384,glass
487,glass175.jpg,165,141,308,287,glass
488,glass176.jpg,1,1,512,294,glass
489,glass177.jpg,1,91,463,327,glass
490,glass178.jpg,125,128,287,215,glass
491,glass179.jpg,1,111,426,384,glass
492,glass18.jpg,25,159,512,336,glass
493,glass180.jpg,47,130,281,261,glass
494,glass181.jpg,12,190,463,297,glass
495,glass182.jpg,162,105,283,227,glass
496,glass183.jpg,143,119,272,242,glass
497,glass184.jpg,152,1,512,314,glass
498,glass185.jpg,49,37,464,308,glass
499,glass186.jpg,85,42,431,384,glass
500,glass187.jpg,82,116,296,243,glass
501,glass188.jpg,132,81,270,283,glass
502,glass189.jpg,225,1,512,269,glass
503,glass19.jpg,34,103,512,382,glass
504,glass190.jpg,1,105,400,384,glass
505,glass191.jpg,124,133,281,240,glass
506,glass192.jpg,1,2,512,345,glass
507,glass193.jpg,144,88,322,249,glass
508,glass194.jpg,79,113,302,234,glass
509,glass195.jpg,75,37,402,366,glass
510,glass196.jpg,145,26,339,326,glass
511,glass197.jpg,227,127,402,384,glass
512,glass198.jpg,123,24,387,363,glass
513,glass199.jpg,7,2,488,384,glass
514,glass2.jpg,78,100,281,279,glass
515,glass20.jpg,131,5,450,384,glass
516,glass200.jpg,52,1,512,364,glass
517,glass201.jpg,85,122,498,384,glass
518,glass202.jpg,119,49,393,311,glass
519,glass203.jpg,119,116,379,275,glass
520,glass204.jpg,61,121,288,275,glass
521,glass205.jpg,84,28,263,344,glass
522,glass206.jpg,76,70,417,330,glass
523,glass207.jpg,84,113,384,266,glass
524,glass208.jpg,31,76,430,275,glass
525,glass209.jpg,57,92,292,214,glass
526,glass21.jpg,4,4,441,366,glass
527,glass210.jpg,109,86,354,282,glass
528,glass211.jpg,71,102,317,229,glass
529,glass212.jpg,149,156,312,276,glass
530,glass213.jpg,221,182,301,263,glass
531,glass214.jpg,205,75,305,316,glass
532,glass215.jpg,144,78,366,292,glass
533,glass216.jpg,70,138,326,233,glass
534,glass217.jpg,93,102,305,261,glass
535,glass218.jpg,83,89,406,266,glass
536,glass219.jpg,57,1,431,384,glass
537,glass22.jpg,201,130,406,384,glass
538,glass220.jpg,85,152,282,234,glass
539,glass221.jpg,218,60,316,314,glass
540,glass222.jpg,163,138,369,275,glass
541,glass223.jpg,164,155,298,248,glass
542,glass224.jpg,47,153,294,240,glass
543,glass225.jpg,108,113,400,255,glass
544,glass226.jpg,158,162,452,384,glass
545,glass227.jpg,102,152,327,298,glass
546,glass228.jpg,215,126,320,234,glass
547,glass229.jpg,86,144,443,293,glass
548,glass23.jpg,71,11,512,382,glass
549,glass230.jpg,105,132,343,248,glass
550,glass231.jpg,98,14,243,384,glass
551,glass232.jpg,97,83,428,343,glass
552,glass233.jpg,172,4,434,201,glass
553,glass234.jpg,3,179,222,277,glass
554,glass235.jpg,157,146,338,384,glass
555,glass236.jpg,103,99,343,264,glass
556,glass237.jpg,69,145,289,226,glass
557,glass238.jpg,147,1,288,230,glass
558,glass239.jpg,227,162,512,268,glass
559,glass24.jpg,203,149,301,246,glass
560,glass240.jpg,272,140,512,382,glass
561,glass241.jpg,122,193,284,384,glass
562,glass242.jpg,265,106,512,242,glass
563,glass243.jpg,241,1,441,384,glass
564,glass244.jpg,9,132,388,258,glass
565,glass245.jpg,86,68,394,319,glass
566,glass246.jpg,37,174,287,299,glass
567,glass247.jpg,5,130,370,348,glass
568,glass248.jpg,60,118,455,293,glass
569,glass249.jpg,59,165,409,334,glass
570,glass25.jpg,125,123,472,384,glass
571,glass250.jpg,79,137,392,274,glass
572,glass251.jpg,66,68,334,284,glass
573,glass252.jpg,193,182,323,384,glass
574,glass253.jpg,198,139,362,384,glass
575,glass254.jpg,47,286,484,384,glass
576,glass255.jpg,45,18,432,186,glass
577,glass256.jpg,1,245,347,384,glass
578,glass257.jpg,229,57,344,262,glass
579,glass258.jpg,1,164,369,355,glass
580,glass259.jpg,70,171,361,317,glass
581,glass26.jpg,46,70,443,314,glass
582,glass260.jpg,125,117,511,384,glass
583,glass261.jpg,102,121,455,384,glass
584,glass262.jpg,230,193,370,384,glass
585,glass263.jpg,1,180,287,359,glass
586,glass264.jpg,117,75,497,384,glass
587,glass265.jpg,164,78,426,384,glass
588,glass266.jpg,1,201,295,378,glass
589,glass267.jpg,28,45,478,224,glass
590,glass268.jpg,1,1,402,342,glass
591,glass269.jpg,1,65,484,252,glass
592,glass27.jpg,157,36,423,384,glass
593,glass270.jpg,161,1,342,348,glass
594,glass271.jpg,149,11,357,374,glass
595,glass272.jpg,2,95,441,255,glass
596,glass273.jpg,139,35,390,384,glass
597,glass274.jpg,1,74,364,299,glass
598,glass275.jpg,243,1,466,379,glass
599,glass276.jpg,208,157,350,384,glass
600,glass277.jpg,89,126,512,290,glass
601,glass278.jpg,55,1,222,384,glass
602,glass279.jpg,1,3,512,285,glass
603,glass28.jpg,135,1,394,312,glass
604,glass280.jpg,1,1,327,384,glass
605,glass281.jpg,226,144,339,261,glass
606,glass282.jpg,115,43,373,306,glass
607,glass283.jpg,176,113,456,384,glass
608,glass284.jpg,170,135,512,383,glass
609,glass285.jpg,165,204,428,384,glass
610,glass286.jpg,193,70,372,384,glass
611,glass287.jpg,1,134,374,384,glass
612,glass288.jpg,152,79,317,252,glass
613,glass289.jpg,161,77,385,354,glass
614,glass29.jpg,206,1,447,384,glass
615,glass290.jpg,1,2,334,384,glass
616,glass291.jpg,243,2,488,384,glass
617,glass292.jpg,240,78,439,384,glass
618,glass293.jpg,105,88,511,384,glass
619,glass294.jpg,62,51,350,301,glass
620,glass295.jpg,103,102,362,319,glass
621,glass296.jpg,61,95,394,384,glass
622,glass297.jpg,89,73,336,312,glass
623,glass298.jpg,150,1,376,186,glass
624,glass299.jpg,84,55,512,205,glass
625,glass3.jpg,142,117,298,244,glass
626,glass30.jpg,215,88,358,384,glass
627,glass300.jpg,228,38,401,384,glass
628,glass301.jpg,1,51,495,247,glass
629,glass302.jpg,83,7,382,309,glass
630,glass303.jpg,43,115,512,289,glass
631,glass304.jpg,207,116,354,243,glass
632,glass305.jpg,68,123,435,241,glass
633,glass306.jpg,55,33,469,234,glass
634,glass307.jpg,1,28,347,322,glass
635,glass308.jpg,46,14,409,376,glass
636,glass309.jpg,122,1,512,378,glass
637,glass31.jpg,28,48,343,384,glass
638,glass310.jpg,1,128,458,384,glass
639,glass311.jpg,32,127,512,329,glass
640,glass312.jpg,1,3,380,384,glass
641,glass313.jpg,1,24,362,384,glass
642,glass314.jpg,1,46,252,305,glass
643,glass315.jpg,73,103,446,384,glass
644,glass316.jpg,45,1,512,383,glass
645,glass317.jpg,21,147,469,262,glass
646,glass318.jpg,114,2,512,382,glass
647,glass319.jpg,1,122,512,344,glass
648,glass32.jpg,155,94,510,384,glass
649,glass320.jpg,32,138,425,270,glass
650,glass321.jpg,135,1,326,379,glass
651,glass322.jpg,84,125,405,384,glass
652,glass323.jpg,1,95,267,384,glass
653,glass324.jpg,75,45,512,383,glass
654,glass325.jpg,126,94,308,248,glass
655,glass326.jpg,69,3,512,313,glass
656,glass327.jpg,1,93,491,300,glass
657,glass328.jpg,192,3,391,384,glass
658,glass329.jpg,208,61,411,384,glass
659,glass33.jpg,113,22,512,383,glass
660,glass330.jpg,159,99,343,384,glass
661,glass331.jpg,126,68,383,311,glass
662,glass332.jpg,40,22,448,311,glass
663,glass333.jpg,206,1,398,354,glass
664,glass334.jpg,1,3,512,381,glass
665,glass335.jpg,162,97,484,384,glass
666,glass336.jpg,75,52,424,284,glass
667,glass337.jpg,100,1,330,273,glass
668,glass338.jpg,100,121,355,264,glass
669,glass339.jpg,207,122,310,226,glass
670,glass34.jpg,22,50,441,329,glass
671,glass340.jpg,110,10,512,383,glass
672,glass341.jpg,114,1,500,324,glass
673,glass342.jpg,97,1,480,384,glass
674,glass343.jpg,194,67,457,384,glass
675,glass344.jpg,214,141,321,242,glass
676,glass345.jpg,214,22,428,384,glass
677,glass346.jpg,162,1,512,383,glass
678,glass347.jpg,12,157,299,384,glass
679,glass348.jpg,53,77,461,257,glass
680,glass349.jpg,120,183,448,384,glass
681,glass35.jpg,17,2,453,361,glass
682,glass350.jpg,198,79,512,382,glass
683,glass351.jpg,1,1,512,238,glass
684,glass352.jpg,105,63,355,372,glass
685,glass353.jpg,165,134,360,384,glass
686,glass354.jpg,31,123,439,261,glass
687,glass355.jpg,120,2,512,281,glass
688,glass356.jpg,74,19,414,332,glass
689,glass357.jpg,1,1,512,382,glass
690,glass358.jpg,215,86,512,365,glass
691,glass359.jpg,1,1,512,292,glass
692,glass36.jpg,168,115,492,384,glass
693,glass360.jpg,70,97,512,264,glass
694,glass361.jpg,126,67,428,384,glass
695,glass362.jpg,128,62,322,306,glass
696,glass363.jpg,37,163,512,309,glass
697,glass364.jpg,1,2,512,383,glass
698,glass365.jpg,161,3,337,276,glass
699,glass366.jpg,246,85,472,384,glass
700,glass367.jpg,94,144,512,304,glass
701,glass368.jpg,241,62,406,384,glass
702,glass369.jpg,79,142,511,384,glass
703,glass37.jpg,30,129,472,241,glass
704,glass370.jpg,67,110,512,269,glass
705,glass371.jpg,108,63,388,384,glass
706,glass372.jpg,53,124,410,248,glass
707,glass373.jpg,178,1,327,344,glass
708,glass374.jpg,8,58,512,300,glass
709,glass375.jpg,131,98,512,337,glass
710,glass376.jpg,80,120,507,384,glass
711,glass377.jpg,55,1,433,384,glass
712,glass378.jpg,180,154,485,384,glass
713,glass379.jpg,1,1,396,371,glass
714,glass38.jpg,84,131,448,384,glass
715,glass380.jpg,164,120,321,244,glass
716,glass381.jpg,5,23,512,296,glass
717,glass382.jpg,216,114,468,384,glass
718,glass383.jpg,106,21,465,379,glass
719,glass384.jpg,8,88,475,243,glass
720,glass385.jpg,148,1,437,384,glass
721,glass386.jpg,194,127,512,383,glass
722,glass387.jpg,46,64,403,327,glass
723,glass388.jpg,192,1,454,384,glass
724,glass389.jpg,133,37,459,384,glass
725,glass39.jpg,88,91,445,305,glass
726,glass390.jpg,5,137,497,384,glass
727,glass391.jpg,76,22,491,384,glass
728,glass392.jpg,141,23,429,316,glass
729,glass393.jpg,216,67,497,384,glass
730,glass394.jpg,1,1,320,307,glass
731,glass395.jpg,92,170,512,340,glass
732,glass396.jpg,227,3,512,304,glass
733,glass397.jpg,1,50,472,320,glass
734,glass398.jpg,131,81,364,299,glass
735,glass399.jpg,1,79,466,316,glass
736,glass4.jpg,126,118,341,269,glass
737,glass40.jpg,13,1,511,384,glass
738,glass400.jpg,221,1,512,383,glass
739,glass401.jpg,1,2,510,384,glass
740,glass402.jpg,140,34,492,384,glass
741,glass403.jpg,99,177,511,384,glass
742,glass404.jpg,224,90,352,238,glass
743,glass405.jpg,204,2,394,384,glass
744,glass406.jpg,60,77,502,306,glass
745,glass407.jpg,49,16,512,262,glass
746,glass408.jpg,1,82,512,313,glass
747,glass409.jpg,103,61,459,296,glass
748,glass41.jpg,168,86,402,333,glass
749,glass410.jpg,50,151,512,382,glass
750,glass411.jpg,1,1,468,379,glass
751,glass412.jpg,32,40,460,338,glass
752,glass413.jpg,34,125,460,285,glass
753,glass414.jpg,45,23,355,301,glass
754,glass415.jpg,91,131,425,221,glass
755,glass416.jpg,64,132,475,384,glass
756,glass417.jpg,127,33,512,362,glass
757,glass418.jpg,165,84,295,384,glass
758,glass419.jpg,75,64,339,320,glass
759,glass42.jpg,1,2,422,365,glass
760,glass420.jpg,1,59,510,384,glass
761,glass421.jpg,174,36,512,234,glass
762,glass422.jpg,121,94,316,240,glass
763,glass423.jpg,22,30,512,342,glass
764,glass424.jpg,136,1,270,289,glass
765,glass425.jpg,120,52,416,323,glass
766,glass426.jpg,116,150,512,369,glass
767,glass427.jpg,69,61,345,306,glass
768,glass428.jpg,80,71,363,346,glass
769,glass429.jpg,179,114,512,357,glass
770,glass43.jpg,3,32,447,384,glass
771,glass430.jpg,179,79,393,384,glass
772,glass431.jpg,1,51,512,272,glass
773,glass432.jpg,90,98,483,384,glass
774,glass433.jpg,127,58,509,384,glass
775,glass434.jpg,64,72,512,316,glass
776,glass435.jpg,16,1,499,384,glass
777,glass436.jpg,159,1,394,384,glass
778,glass437.jpg,137,108,512,266,glass
779,glass438.jpg,79,132,414,275,glass
780,glass439.jpg,1,1,366,311,glass
781,glass44.jpg,31,91,444,225,glass
782,glass440.jpg,186,2,494,291,glass
783,glass441.jpg,102,136,429,384,glass
784,glass442.jpg,12,23,512,381,glass
785,glass443.jpg,124,137,511,384,glass
786,glass444.jpg,197,110,298,213,glass
787,glass445.jpg,1,89,512,280,glass
788,glass446.jpg,32,101,473,232,glass
789,glass447.jpg,189,62,439,318,glass
790,glass448.jpg,2,75,281,324,glass
791,glass449.jpg,231,88,434,261,glass
792,glass45.jpg,147,107,512,367,glass
793,glass450.jpg,3,98,505,384,glass
794,glass451.jpg,1,32,489,348,glass
795,glass452.jpg,215,73,454,384,glass
796,glass453.jpg,167,111,364,309,glass
797,glass454.jpg,117,59,365,282,glass
798,glass455.jpg,1,2,377,384,glass
799,glass456.jpg,37,108,512,295,glass
800,glass457.jpg,155,108,511,384,glass
801,glass458.jpg,165,34,418,372,glass
802,glass459.jpg,152,2,434,205,glass
803,glass46.jpg,68,108,426,275,glass
804,glass460.jpg,34,117,393,250,glass
805,glass461.jpg,1,1,360,318,glass
806,glass462.jpg,1,24,329,336,glass
807,glass463.jpg,222,80,512,382,glass
808,glass464.jpg,1,24,512,291,glass
809,glass465.jpg,100,141,512,352,glass
810,glass466.jpg,145,160,368,384,glass
811,glass467.jpg,163,84,512,382,glass
812,glass468.jpg,33,1,376,311,glass
813,glass469.jpg,222,2,404,301,glass
814,glass47.jpg,115,137,378,284,glass
815,glass470.jpg,4,130,512,382,glass
816,glass471.jpg,153,3,328,384,glass
817,glass472.jpg,227,3,382,312,glass
818,glass473.jpg,191,133,423,384,glass
819,glass474.jpg,77,164,284,310,glass
820,glass475.jpg,41,63,234,287,glass
821,glass476.jpg,185,69,307,384,glass
822,glass477.jpg,86,124,375,266,glass
823,glass478.jpg,78,88,510,384,glass
824,glass479.jpg,111,1,512,383,glass
825,glass48.jpg,140,155,305,304,glass
826,glass480.jpg,1,2,512,383,glass
827,glass481.jpg,1,1,506,384,glass
828,glass482.jpg,213,1,498,323,glass
829,glass483.jpg,118,152,492,384,glass
830,glass484.jpg,154,160,440,384,glass
831,glass485.jpg,119,10,401,373,glass
832,glass486.jpg,7,116,512,383,glass
833,glass487.jpg,1,120,512,369,glass
834,glass488.jpg,116,50,371,285,glass
835,glass489.jpg,1,42,427,384,glass
836,glass49.jpg,152,4,449,358,glass
837,glass490.jpg,181,1,428,384,glass
838,glass491.jpg,138,165,512,300,glass
839,glass492.jpg,1,1,379,384,glass
840,glass493.jpg,73,15,344,350,glass
841,glass494.jpg,203,115,342,257,glass
842,glass495.jpg,186,89,355,256,glass
843,glass496.jpg,86,61,432,247,glass
844,glass497.jpg,1,2,344,305,glass
845,glass498.jpg,128,3,444,384,glass
846,glass499.jpg,138,2,309,258,glass
847,glass5.jpg,149,137,268,256,glass
848,glass50.jpg,1,1,373,303,glass
849,glass500.jpg,2,149,384,262,glass
850,glass501.jpg,42,74,510,384,glass
851,glass51.jpg,172,134,405,384,glass
852,glass52.jpg,9,66,337,329,glass
853,glass53.jpg,239,173,449,384,glass
854,glass54.jpg,195,2,492,384,glass
855,glass55.jpg,1,2,378,303,glass
856,glass56.jpg,201,10,459,384,glass
857,glass57.jpg,199,62,512,383,glass
858,glass58.jpg,195,3,365,384,glass
859,glass59.jpg,160,119,508,384,glass
860,glass6.jpg,194,63,321,276,glass
861,glass60.jpg,171,3,512,250,glass
862,glass61.jpg,137,23,510,384,glass
863,glass62.jpg,1,1,510,384,glass
864,glass63.jpg,198,58,392,384,glass
865,glass64.jpg,134,114,389,384,glass
866,glass65.jpg,79,30,512,382,glass
867,glass66.jpg,2,75,406,322,glass
868,glass67.jpg,52,100,512,383,glass
869,glass68.jpg,88,1,472,384,glass
870,glass69.jpg,33,127,332,252,glass
871,glass7.jpg,152,45,450,383,glass
872,glass70.jpg,2,116,495,384,glass
873,glass71.jpg,183,14,355,337,glass
874,glass72.jpg,147,66,512,382,glass
875,glass73.jpg,181,110,512,335,glass
876,glass74.jpg,192,140,280,226,glass
877,glass75.jpg,40,105,418,280,glass
878,glass76.jpg,193,67,400,275,glass
879,glass77.jpg,91,3,491,324,glass
880,glass78.jpg,2,62,512,203,glass
881,glass79.jpg,213,2,417,339,glass
882,glass8.jpg,148,171,355,384,glass
883,glass80.jpg,1,2,418,324,glass
884,glass81.jpg,48,114,445,283,glass
885,glass82.jpg,193,1,385,327,glass
886,glass83.jpg,26,62,512,205,glass
887,glass84.jpg,153,98,457,317,glass
888,glass85.jpg,1,1,507,384,glass
889,glass86.jpg,115,106,501,384,glass
890,glass87.jpg,145,125,445,304,glass
891,glass88.jpg,69,96,420,208,glass
892,glass89.jpg,94,49,418,353,glass
893,glass9.jpg,95,75,380,327,glass
894,glass90.jpg,138,2,354,384,glass
895,glass91.jpg,223,116,512,383,glass
896,glass92.jpg,118,60,366,314,glass
897,glass93.jpg,1,55,512,225,glass
898,glass94.jpg,237,174,392,384,glass
899,glass95.jpg,58,143,396,265,glass
900,glass96.jpg,172,68,342,384,glass
901,glass97.jpg,262,1,510,384,glass
902,glass98.jpg,105,2,416,384,glass
903,glass99.jpg,141,51,512,383,glass
904,metal1.jpg,1,1,312,283,metal
905,metal10.jpg,261,2,510,384,metal
906,metal100.jpg,89,19,429,335,metal
907,metal101.jpg,169,112,480,346,metal
908,metal102.jpg,166,75,356,327,metal
909,metal103.jpg,123,103,369,295,metal
910,metal104.jpg,194,1,441,249,metal
911,metal105.jpg,69,84,512,383,metal
912,metal106.jpg,127,112,440,384,metal
913,metal107.jpg,97,56,351,313,metal
914,metal108.jpg,1,49,512,382,metal
915,metal109.jpg,237,1,512,319,metal
916,metal11.jpg,40,1,406,344,metal
917,metal110.jpg,24,113,378,362,metal
918,metal111.jpg,80,2,511,384,metal
919,metal112.jpg,108,53,508,384,metal
920,metal113.jpg,196,69,512,382,metal
921,metal114.jpg,1,45,512,378,metal
922,metal115.jpg,2,2,512,246,metal
923,metal116.jpg,145,106,360,325,metal
924,metal117.jpg,103,19,434,351,metal
925,metal118.jpg,1,2,512,358,metal
926,metal119.jpg,147,51,374,289,metal
927,metal12.jpg,1,101,512,382,metal
928,metal120.jpg,9,29,512,380,metal
929,metal121.jpg,93,116,509,384,metal
930,metal122.jpg,129,94,359,305,metal
931,metal123.jpg,136,1,512,328,metal
932,metal124.jpg,135,114,354,271,metal
933,metal125.jpg,86,112,458,260,metal
934,metal126.jpg,12,2,447,384,metal
935,metal127.jpg,121,1,454,328,metal
936,metal128.jpg,147,1,344,384,metal
937,metal129.jpg,118,80,328,384,metal
938,metal13.jpg,259,47,512,383,metal
939,metal130.jpg,154,79,440,384,metal
940,metal131.jpg,166,109,363,305,metal
941,metal132.jpg,30,36,511,330,metal
942,metal133.jpg,189,46,477,333,metal
943,metal134.jpg,89,78,509,384,metal
944,metal135.jpg,103,106,511,384,metal
945,metal136.jpg,174,179,434,384,metal
946,metal137.jpg,78,118,512,325,metal
947,metal138.jpg,136,75,397,343,metal
948,metal139.jpg,262,3,512,381,metal
949,metal14.jpg,152,20,512,381,metal
950,metal140.jpg,113,11,414,309,metal
951,metal141.jpg,185,5,509,384,metal
952,metal142.jpg,121,1,502,384,metal
953,metal143.jpg,72,98,479,376,metal
954,metal144.jpg,1,74,502,384,metal
955,metal145.jpg,147,58,423,315,metal
956,metal146.jpg,108,100,396,384,metal
957,metal147.jpg,111,43,457,326,metal
958,metal148.jpg,179,146,277,243,metal
959,metal149.jpg,159,117,294,271,metal
960,metal15.jpg,77,137,411,331,metal
961,metal150.jpg,75,139,452,268,metal
962,metal151.jpg,2,2,490,370,metal
963,metal152.jpg,175,155,283,242,metal
964,metal153.jpg,55,87,512,363,metal
965,metal154.jpg,124,106,335,285,metal
966,metal155.jpg,187,134,282,221,metal
967,metal156.jpg,195,75,293,268,metal
968,metal157.jpg,29,1,464,266,metal
969,metal158.jpg,183,61,446,319,metal
970,metal159.jpg,178,134,341,252,metal
971,metal16.jpg,7,48,491,384,metal
972,metal160.jpg,181,109,309,262,metal
973,metal161.jpg,161,2,476,365,metal
974,metal162.jpg,1,2,512,382,metal
975,metal163.jpg,55,10,431,291,metal
976,metal164.jpg,137,74,412,285,metal
977,metal165.jpg,149,147,307,221,metal
978,metal166.jpg,212,154,270,227,metal
979,metal167.jpg,155,92,356,299,metal
980,metal168.jpg,1,2,397,384,metal
981,metal169.jpg,101,42,398,354,metal
982,metal17.jpg,87,18,346,290,metal
983,metal170.jpg,70,23,364,336,metal
984,metal171.jpg,36,1,319,384,metal
985,metal172.jpg,31,35,407,380,metal
986,metal173.jpg,98,11,406,376,metal
987,metal174.jpg,110,2,512,315,metal
988,metal175.jpg,119,9,410,363,metal
989,metal176.jpg,1,2,509,384,metal
990,metal177.jpg,2,2,443,384,metal
991,metal178.jpg,123,145,261,234,metal
992,metal179.jpg,221,118,371,301,metal
993,metal18.jpg,119,146,356,264,metal
994,metal180.jpg,1,1,510,384,metal
995,metal181.jpg,119,62,368,308,metal
996,metal182.jpg,151,127,327,322,metal
997,metal183.jpg,106,207,219,384,metal
998,metal184.jpg,172,42,460,344,metal
999,metal185.jpg,69,84,471,343,metal
1000,metal186.jpg,173,111,511,384,metal
1001,metal187.jpg,15,1,311,261,metal
1002,metal188.jpg,34,43,394,266,metal
1003,metal189.jpg,3,57,460,349,metal
1004,metal19.jpg,93,21,378,307,metal
1005,metal190.jpg,42,1,377,358,metal
1006,metal191.jpg,68,25,349,305,metal
1007,metal192.jpg,39,1,439,384,metal
1008,metal193.jpg,61,1,384,373,metal
1009,metal194.jpg,1,2,311,334,metal
1010,metal195.jpg,162,90,360,300,metal
1011,metal196.jpg,1,1,509,384,metal
1012,metal197.jpg,81,57,432,327,metal
1013,metal198.jpg,85,44,328,343,metal
1014,metal199.jpg,38,95,372,261,metal
1015,metal2.jpg,141,72,325,293,metal
1016,metal20.jpg,4,2,440,382,metal
1017,metal200.jpg,73,25,350,362,metal
1018,metal201.jpg,73,87,375,292,metal
1019,metal202.jpg,96,118,400,349,metal
1020,metal203.jpg,195,89,325,255,metal
1021,metal204.jpg,179,108,380,256,metal
1022,metal205.jpg,114,99,296,331,metal
1023,metal206.jpg,182,93,330,278,metal
1024,metal207.jpg,157,105,328,258,metal
1025,metal208.jpg,184,107,316,274,metal
1026,metal209.jpg,212,111,407,286,metal
1027,metal21.jpg,185,88,432,384,metal
1028,metal210.jpg,150,125,377,287,metal
1029,metal211.jpg,182,77,338,269,metal
1030,metal212.jpg,102,72,255,266,metal
1031,metal213.jpg,133,117,313,269,metal
1032,metal214.jpg,208,117,308,249,metal
1033,metal215.jpg,161,133,309,283,metal
1034,metal216.jpg,147,92,351,305,metal
1035,metal217.jpg,3,1,352,260,metal
1036,metal218.jpg,143,156,426,384,metal
1037,metal219.jpg,120,26,344,328,metal
1038,metal22.jpg,179,77,420,319,metal
1039,metal220.jpg,110,62,424,384,metal
1040,metal221.jpg,24,1,512,383,metal
1041,metal222.jpg,130,27,510,384,metal
1042,metal223.jpg,197,42,512,383,metal
1043,metal224.jpg,73,92,512,350,metal
1044,metal225.jpg,84,55,379,355,metal
1045,metal226.jpg,89,1,432,347,metal
1046,metal227.jpg,93,89,420,384,metal
1047,metal228.jpg,165,106,333,282,metal
1048,metal229.jpg,85,1,512,383,metal
1049,metal23.jpg,124,91,486,384,metal
1050,metal230.jpg,10,128,444,384,metal
1051,metal231.jpg,2,1,351,275,metal
1052,metal232.jpg,1,2,509,384,metal
1053,metal233.jpg,103,96,505,298,metal
1054,metal234.jpg,277,1,512,366,metal
1055,metal235.jpg,32,107,383,384,metal
1056,metal236.jpg,48,34,512,383,metal
1057,metal237.jpg,44,60,512,380,metal
1058,metal238.jpg,208,82,473,384,metal
1059,metal239.jpg,97,31,404,362,metal
1060,metal24.jpg,108,81,355,339,metal
1061,metal240.jpg,175,5,408,242,metal
1062,metal241.jpg,69,39,380,348,metal
1063,metal242.jpg,119,74,466,212,metal
1064,metal243.jpg,179,174,417,384,metal
1065,metal244.jpg,139,22,443,326,metal
1066,metal245.jpg,237,83,472,308,metal
1067,metal246.jpg,122,23,440,337,metal
1068,metal247.jpg,194,112,506,384,metal
1069,metal248.jpg,223,152,507,384,metal
1070,metal249.jpg,55,98,441,384,metal
1071,metal25.jpg,112,62,385,375,metal
1072,metal250.jpg,263,61,471,361,metal
1073,metal251.jpg,1,1,512,367,metal
1074,metal252.jpg,100,27,460,384,metal
1075,metal253.jpg,120,1,434,337,metal
1076,metal254.jpg,2,2,511,384,metal
1077,metal255.jpg,208,157,490,384,metal
1078,metal256.jpg,176,179,510,384,metal
1079,metal257.jpg,1,50,512,383,metal
1080,metal258.jpg,47,2,512,367,metal
1081,metal259.jpg,1,116,512,382,metal
1082,metal26.jpg,116,34,451,371,metal
1083,metal260.jpg,151,93,512,383,metal
1084,metal261.jpg,56,47,512,364,metal
1085,metal262.jpg,4,60,512,381,metal
1086,metal263.jpg,88,94,511,381,metal
1087,metal264.jpg,44,58,510,384,metal
1088,metal265.jpg,97,146,509,384,metal
1089,metal266.jpg,107,18,397,336,metal
1090,metal267.jpg,1,1,343,290,metal
1091,metal268.jpg,152,103,323,297,metal
1092,metal269.jpg,1,1,333,320,metal
1093,metal27.jpg,139,45,427,341,metal
1094,metal270.jpg,60,4,512,375,metal
1095,metal271.jpg,2,35,446,384,metal
1096,metal272.jpg,211,148,301,242,metal
1097,metal273.jpg,171,1,466,384,metal
1098,metal274.jpg,138,85,511,384,metal
1099,metal275.jpg,178,184,434,384,metal
1100,metal276.jpg,1,1,358,289,metal
1101,metal277.jpg,108,4,421,384,metal
1102,metal278.jpg,21,1,410,286,metal
1103,metal279.jpg,215,124,395,305,metal
1104,metal28.jpg,144,74,427,349,metal
1105,metal280.jpg,135,104,390,277,metal
1106,metal281.jpg,24,11,490,384,metal
1107,metal282.jpg,101,41,506,384,metal
1108,metal283.jpg,1,1,409,278,metal
1109,metal284.jpg,174,102,325,252,metal
1110,metal285.jpg,146,91,358,318,metal
1111,metal286.jpg,127,51,512,318,metal
1112,metal287.jpg,27,170,392,384,metal
1113,metal288.jpg,143,37,486,384,metal
1114,metal289.jpg,92,6,512,381,metal
1115,metal29.jpg,122,79,357,325,metal
1116,metal290.jpg,123,120,349,291,metal
1117,metal291.jpg,162,112,365,273,metal
1118,metal292.jpg,158,112,507,369,metal
1119,metal293.jpg,25,83,512,288,metal
1120,metal294.jpg,129,53,388,316,metal
1121,metal295.jpg,106,51,375,322,metal
1122,metal296.jpg,96,35,512,382,metal
1123,metal297.jpg,146,203,483,384,metal
1124,metal298.jpg,201,62,441,349,metal
1125,metal299.jpg,161,30,512,382,metal
1126,metal3.jpg,131,170,290,308,metal
1127,metal30.jpg,172,1,346,379,metal
1128,metal300.jpg,101,79,512,382,metal
1129,metal301.jpg,78,4,406,337,metal
1130,metal302.jpg,88,31,380,337,metal
1131,metal303.jpg,162,75,400,297,metal
1132,metal304.jpg,119,124,408,384,metal
1133,metal305.jpg,1,70,428,384,metal
1134,metal306.jpg,196,108,511,384,metal
1135,metal307.jpg,86,1,470,304,metal
1136,metal308.jpg,1,1,368,276,metal
1137,metal309.jpg,101,44,378,319,metal
1138,metal31.jpg,99,3,512,382,metal
1139,metal310.jpg,134,53,512,343,metal
1140,metal311.jpg,120,111,510,384,metal
1141,metal312.jpg,21,5,507,384,metal
1142,metal313.jpg,95,102,414,384,metal
1143,metal314.jpg,1,1,242,291,metal
1144,metal315.jpg,92,105,396,271,metal
1145,metal316.jpg,165,208,507,384,metal
1146,metal317.jpg,4,2,297,384,metal
1147,metal318.jpg,151,88,347,293,metal
1148,metal319.jpg,41,1,510,384,metal
1149,metal32.jpg,126,45,357,273,metal
1150,metal320.jpg,155,20,512,382,metal
1151,metal321.jpg,141,1,383,268,metal
1152,metal322.jpg,28,2,511,384,metal
1153,metal323.jpg,52,159,429,384,metal
1154,metal324.jpg,3,132,472,384,metal
1155,metal325.jpg,140,1,512,327,metal
1156,metal326.jpg,153,13,344,323,metal
1157,metal327.jpg,24,145,417,384,metal
1158,metal328.jpg,70,42,333,300,metal
1159,metal329.jpg,25,1,511,384,metal
1160,metal33.jpg,62,1,370,262,metal
1161,metal330.jpg,171,1,512,383,metal
1162,metal331.jpg,237,156,512,382,metal
1163,metal332.jpg,134,1,447,210,metal
1164,metal333.jpg,199,31,411,383,metal
1165,metal334.jpg,253,100,460,384,metal
1166,metal335.jpg,23,38,470,296,metal
1167,metal336.jpg,103,54,436,375,metal
1168,metal337.jpg,211,215,511,384,metal
1169,metal338.jpg,110,89,322,298,metal
1170,metal339.jpg,87,64,382,338,metal
1171,metal34.jpg,100,97,390,384,metal
1172,metal340.jpg,161,50,422,329,metal
1173,metal341.jpg,109,54,358,312,metal
1174,metal342.jpg,71,58,462,384,metal
1175,metal343.jpg,157,72,364,279,metal
1176,metal344.jpg,112,105,413,277,metal
1177,metal345.jpg,116,103,397,269,metal
1178,metal346.jpg,68,1,512,383,metal
1179,metal347.jpg,133,57,406,334,metal
1180,metal348.jpg,249,49,512,382,metal
1181,metal349.jpg,67,1,512,311,metal
1182,metal35.jpg,113,3,482,370,metal
1183,metal350.jpg,248,59,510,384,metal
1184,metal351.jpg,181,103,512,364,metal
1185,metal352.jpg,69,22,441,346,metal
1186,metal353.jpg,195,143,428,333,metal
1187,metal354.jpg,20,20,348,342,metal
1188,metal355.jpg,236,67,512,383,metal
1189,metal356.jpg,131,89,402,277,metal
1190,metal357.jpg,71,5,512,206,metal
1191,metal358.jpg,106,19,512,321,metal
1192,metal359.jpg,129,3,425,383,metal
1193,metal36.jpg,2,1,392,349,metal
1194,metal360.jpg,125,34,363,273,metal
1195,metal361.jpg,26,3,473,384,metal
1196,metal362.jpg,62,1,410,270,metal
1197,metal363.jpg,118,3,506,327,metal
1198,metal364.jpg,124,2,483,384,metal
1199,metal365.jpg,1,1,501,282,metal
1200,metal366.jpg,189,1,512,328,metal
1201,metal367.jpg,107,115,484,315,metal
1202,metal368.jpg,144,100,356,384,metal
1203,metal369.jpg,129,77,313,267,metal
1204,metal37.jpg,207,87,509,384,metal
1205,metal370.jpg,165,182,510,384,metal
1206,metal371.jpg,215,127,426,330,metal
1207,metal372.jpg,1,120,362,384,metal
1208,metal373.jpg,155,92,391,329,metal
1209,metal374.jpg,1,1,512,382,metal
1210,metal375.jpg,180,1,482,237,metal
1211,metal376.jpg,217,64,511,384,metal
1212,metal377.jpg,92,34,456,384,metal
1213,metal378.jpg,179,80,359,264,metal
1214,metal379.jpg,121,212,391,384,metal
1215,metal38.jpg,39,60,343,296,metal
1216,metal380.jpg,1,1,396,384,metal
1217,metal381.jpg,58,1,308,293,metal
1218,metal382.jpg,152,1,415,307,metal
1219,metal383.jpg,1,38,512,382,metal
1220,metal384.jpg,78,46,512,383,metal
1221,metal385.jpg,180,68,409,303,metal
1222,metal386.jpg,128,137,512,383,metal
1223,metal387.jpg,74,6,510,384,metal
1224,metal388.jpg,2,1,475,354,metal
1225,metal389.jpg,114,20,459,369,metal
1226,metal39.jpg,153,66,340,257,metal
1227,metal390.jpg,176,3,512,383,metal
1228,metal391.jpg,1,1,512,381,metal
1229,metal392.jpg,1,1,512,378,metal
1230,metal393.jpg,147,49,408,318,metal
1231,metal394.jpg,35,47,512,382,metal
1232,metal395.jpg,184,2,362,229,metal
1233,metal396.jpg,71,144,512,382,metal
1234,metal397.jpg,224,62,421,260,metal
1235,metal398.jpg,103,107,379,381,metal
1236,metal399.jpg,159,75,450,349,metal
1237,metal4.jpg,251,122,381,270,metal
1238,metal40.jpg,188,56,491,384,metal
1239,metal400.jpg,223,107,510,384,metal
1240,metal401.jpg,214,18,511,384,metal
1241,metal402.jpg,5,156,487,384,metal
1242,metal403.jpg,103,149,389,384,metal
1243,metal404.jpg,1,49,510,384,metal
1244,metal405.jpg,241,38,512,383,metal
1245,metal406.jpg,57,1,512,359,metal
1246,metal407.jpg,110,98,512,382,metal
1247,metal408.jpg,177,80,512,304,metal
1248,metal409.jpg,161,42,354,236,metal
1249,metal41.jpg,145,141,383,384,metal
1250,metal410.jpg,119,179,512,383,metal
1251,metal42.jpg,3,106,427,384,metal
1252,metal43.jpg,81,112,512,383,metal
1253,metal44.jpg,96,2,511,384,metal
1254,metal45.jpg,1,82,293,329,metal
1255,metal46.jpg,1,2,512,383,metal
1256,metal47.jpg,212,111,512,382,metal
1257,metal48.jpg,197,130,305,242,metal
1258,metal49.jpg,143,2,512,341,metal
1259,metal5.jpg,36,19,453,384,metal
1260,metal50.jpg,7,27,511,384,metal
1261,metal51.jpg,182,87,397,301,metal
1262,metal52.jpg,48,1,485,384,metal
1263,metal53.jpg,98,1,377,266,metal
1264,metal54.jpg,33,1,483,384,metal
1265,metal55.jpg,4,120,512,383,metal
1266,metal56.jpg,156,132,429,384,metal
1267,metal57.jpg,116,97,345,308,metal
1268,metal58.jpg,165,108,485,384,metal
1269,metal59.jpg,223,156,512,383,metal
1270,metal6.jpg,193,141,287,220,metal
1271,metal60.jpg,51,83,367,352,metal
1272,metal61.jpg,22,10,512,383,metal
1273,metal62.jpg,79,109,417,310,metal
1274,metal63.jpg,161,87,512,383,metal
1275,metal64.jpg,1,36,373,358,metal
1276,metal65.jpg,128,16,482,371,metal
1277,metal66.jpg,155,118,393,384,metal
1278,metal67.jpg,163,130,399,384,metal
1279,metal68.jpg,98,107,438,384,metal
1280,metal69.jpg,123,122,352,267,metal
1281,metal7.jpg,158,71,317,286,metal
1282,metal70.jpg,65,118,437,310,metal
1283,metal71.jpg,153,33,512,381,metal
1284,metal72.jpg,162,2,512,382,metal
1285,metal73.jpg,232,156,512,382,metal
1286,metal74.jpg,1,136,427,384,metal
1287,metal75.jpg,23,86,509,384,metal
1288,metal76.jpg,61,44,511,384,metal
1289,metal77.jpg,4,2,458,384,metal
1290,metal78.jpg,144,100,393,384,metal
1291,metal79.jpg,17,120,485,384,metal
1292,metal8.jpg,145,109,253,267,metal
1293,metal80.jpg,64,10,462,357,metal
1294,metal81.jpg,70,159,511,384,metal
1295,metal82.jpg,106,74,319,296,metal
1296,metal83.jpg,27,34,512,381,metal
1297,metal84.jpg,126,1,509,384,metal
1298,metal85.jpg,57,194,484,384,metal
1299,metal86.jpg,140,57,446,384,metal
1300,metal87.jpg,162,3,512,382,metal
1301,metal88.jpg,1,34,498,384,metal
1302,metal89.jpg,33,13,512,383,metal
1303,metal9.jpg,150,115,300,272,metal
1304,metal90.jpg,165,104,411,311,metal
1305,metal91.jpg,203,112,314,223,metal
1306,metal92.jpg,173,83,339,254,metal
1307,metal93.jpg,123,87,512,382,metal
1308,metal94.jpg,6,83,511,384,metal
1309,metal95.jpg,131,1,410,243,metal
1310,metal96.jpg,132,179,414,384,metal
1311,metal97.jpg,33,1,370,333,metal
1312,metal98.jpg,105,1,356,289,metal
1313,metal99.jpg,131,54,465,383,metal
1314,paper1.jpg,75,31,433,330,paper
1315,paper10.jpg,72,3,493,384,paper
1316,paper100.jpg,1,2,511,384,paper
1317,paper101.jpg,1,1,425,384,paper
1318,paper102.jpg,45,1,416,384,paper
1319,paper103.jpg,1,2,512,379,paper
1320,paper104.jpg,39,1,450,384,paper
1321,paper105.jpg,1,1,512,272,paper
1322,paper106.jpg,52,77,464,344,paper
1323,paper107.jpg,1,3,395,384,paper
1324,paper108.jpg,1,1,426,384,paper
1325,paper109.jpg,1,2,444,384,paper
1326,paper11.jpg,92,7,371,362,paper
1327,paper110.jpg,58,3,479,257,paper
1328,paper111.jpg,46,60,470,348,paper
1329,paper112.jpg,12,1,398,384,paper
1330,paper113.jpg,2,146,512,379,paper
1331,paper114.jpg,1,4,512,382,paper
1332,paper115.jpg,20,2,493,384,paper
1333,paper116.jpg,77,26,416,305,paper
1334,paper117.jpg,173,109,304,296,paper
1335,paper118.jpg,145,1,310,317,paper
1336,paper119.jpg,69,85,495,282,paper
1337,paper12.jpg,24,51,481,353,paper
1338,paper120.jpg,74,146,339,263,paper
1339,paper121.jpg,40,1,512,381,paper
1340,paper122.jpg,95,46,350,354,paper
1341,paper123.jpg,3,35,439,344,paper
1342,paper124.jpg,116,1,512,382,paper
1343,paper125.jpg,1,1,330,371,paper
1344,paper126.jpg,82,73,363,345,paper
1345,paper127.jpg,11,34,512,380,paper
1346,paper128.jpg,56,81,388,298,paper
1347,paper129.jpg,3,10,460,384,paper
1348,paper13.jpg,36,158,510,384,paper
1349,paper130.jpg,55,65,415,329,paper
1350,paper131.jpg,3,12,443,384,paper
1351,paper132.jpg,89,2,332,327,paper
1352,paper133.jpg,21,1,512,383,paper
1353,paper134.jpg,10,42,497,384,paper
1354,paper135.jpg,1,2,508,384,paper
1355,paper136.jpg,1,1,474,384,paper
1356,paper137.jpg,1,1,512,329,paper
1357,paper138.jpg,67,89,438,345,paper
1358,paper139.jpg,1,21,428,384,paper
1359,paper14.jpg,1,2,502,384,paper
1360,paper140.jpg,1,2,464,384,paper
1361,paper141.jpg,87,26,408,384,paper
1362,paper142.jpg,18,27,463,384,paper
1363,paper143.jpg,43,87,456,317,paper
1364,paper144.jpg,68,1,391,377,paper
1365,paper145.jpg,29,1,477,384,paper
1366,paper146.jpg,94,119,400,317,paper
1367,paper147.jpg,2,1,472,384,paper
1368,paper148.jpg,4,3,474,384,paper
1369,paper149.jpg,1,2,476,377,paper
1370,paper15.jpg,1,56,416,384,paper
1371,paper150.jpg,68,112,414,271,paper
1372,paper151.jpg,84,84,386,285,paper
1373,paper152.jpg,1,1,455,384,paper
1374,paper153.jpg,1,2,512,380,paper
1375,paper154.jpg,110,37,374,307,paper
1376,paper155.jpg,1,2,396,352,paper
1377,paper156.jpg,1,96,446,384,paper
1378,paper157.jpg,85,19,459,362,paper
1379,paper158.jpg,162,50,324,323,paper
1380,paper159.jpg,39,55,394,344,paper
1381,paper16.jpg,18,1,454,384,paper
1382,paper160.jpg,79,56,394,384,paper
1383,paper161.jpg,49,10,478,384,paper
1384,paper162.jpg,42,71,512,383,paper
1385,paper163.jpg,1,1,481,384,paper
1386,paper164.jpg,134,1,380,325,paper
1387,paper165.jpg,6,2,416,384,paper
1388,paper166.jpg,20,4,504,316,paper
1389,paper167.jpg,59,2,455,384,paper
1390,paper168.jpg,82,42,401,351,paper
1391,paper169.jpg,74,1,463,384,paper
1392,paper17.jpg,3,1,375,384,paper
1393,paper170.jpg,93,64,385,304,paper
1394,paper171.jpg,113,1,448,374,paper
1395,paper172.jpg,2,1,439,271,paper
1396,paper173.jpg,115,38,407,339,paper
1397,paper174.jpg,1,3,508,384,paper
1398,paper175.jpg,1,5,456,350,paper
1399,paper176.jpg,61,76,453,327,paper
1400,paper177.jpg,44,7,419,380,paper
1401,paper178.jpg,2,3,422,384,paper
1402,paper179.jpg,1,94,504,384,paper
1403,paper18.jpg,13,69,388,384,paper
1404,paper180.jpg,7,1,349,373,paper
1405,paper181.jpg,121,3,512,329,paper
1406,paper182.jpg,2,2,509,384,paper
1407,paper183.jpg,1,32,496,329,paper
1408,paper184.jpg,3,21,511,383,paper
1409,paper185.jpg,33,2,508,384,paper
1410,paper186.jpg,1,1,503,384,paper
1411,paper187.jpg,3,53,512,379,paper
1412,paper188.jpg,2,1,467,384,paper
1413,paper189.jpg,2,1,510,384,paper
1414,paper19.jpg,94,100,392,334,paper
1415,paper190.jpg,1,1,512,326,paper
1416,paper191.jpg,30,1,457,379,paper
1417,paper192.jpg,8,2,460,322,paper
1418,paper193.jpg,64,1,503,384,paper
1419,paper194.jpg,1,1,445,384,paper
1420,paper195.jpg,11,1,512,317,paper
1421,paper196.jpg,1,1,453,365,paper
1422,paper197.jpg,121,99,512,378,paper
1423,paper198.jpg,24,3,490,384,paper
1424,paper199.jpg,1,92,511,384,paper
1425,paper2.jpg,1,39,440,384,paper
1426,paper20.jpg,4,16,313,384,paper
1427,paper200.jpg,48,135,370,213,paper
1428,paper201.jpg,100,74,427,285,paper
1429,paper202.jpg,112,81,413,326,paper
1430,paper203.jpg,130,119,354,269,paper
1431,paper204.jpg,102,26,349,337,paper
1432,paper205.jpg,1,83,481,384,paper
1433,paper206.jpg,14,1,396,377,paper
1434,paper207.jpg,3,79,512,382,paper
1435,paper208.jpg,34,1,464,384,paper
1436,paper209.jpg,2,2,512,380,paper
1437,paper21.jpg,77,134,475,384,paper
1438,paper210.jpg,3,1,419,292,paper
1439,paper211.jpg,2,116,394,384,paper
1440,paper212.jpg,75,94,470,325,paper
1441,paper213.jpg,100,17,340,334,paper
1442,paper214.jpg,1,2,511,384,paper
1443,paper215.jpg,1,3,455,384,paper
1444,paper216.jpg,119,99,414,306,paper
1445,paper217.jpg,2,1,430,384,paper
1446,paper218.jpg,62,6,328,384,paper
1447,paper219.jpg,14,86,483,384,paper
1448,paper22.jpg,62,42,409,372,paper
1449,paper220.jpg,107,68,420,302,paper
1450,paper221.jpg,1,2,512,380,paper
1451,paper222.jpg,92,93,308,384,paper
1452,paper223.jpg,1,1,509,384,paper
1453,paper224.jpg,42,41,477,384,paper
1454,paper225.jpg,119,55,415,344,paper
1455,paper226.jpg,123,121,342,299,paper
1456,paper227.jpg,1,1,512,380,paper
1457,paper228.jpg,173,89,264,210,paper
1458,paper229.jpg,1,74,463,384,paper
1459,paper23.jpg,2,3,512,346,paper
1460,paper230.jpg,1,2,512,142,paper
1461,paper231.jpg,10,2,417,347,paper
1462,paper232.jpg,5,59,445,384,paper
1463,paper233.jpg,2,102,466,384,paper
1464,paper234.jpg,73,5,435,332,paper
1465,paper235.jpg,84,58,414,334,paper
1466,paper236.jpg,1,1,487,384,paper
1467,paper237.jpg,1,2,448,384,paper
1468,paper238.jpg,2,54,400,347,paper
1469,paper239.jpg,65,38,373,306,paper
1470,paper24.jpg,5,36,418,378,paper
1471,paper240.jpg,6,64,395,384,paper
1472,paper241.jpg,38,98,468,343,paper
1473,paper242.jpg,86,162,319,337,paper
1474,paper243.jpg,117,34,375,336,paper
1475,paper244.jpg,34,44,399,353,paper
1476,paper245.jpg,1,1,479,384,paper
1477,paper246.jpg,1,1,373,384,paper
1478,paper247.jpg,1,1,466,384,paper
1479,paper248.jpg,55,1,471,342,paper
1480,paper249.jpg,62,79,331,296,paper
1481,paper25.jpg,1,1,464,303,paper
1482,paper250.jpg,7,1,469,378,paper
1483,paper251.jpg,85,43,319,344,paper
1484,paper252.jpg,73,83,426,329,paper
1485,paper253.jpg,71,69,434,341,paper
1486,paper254.jpg,56,1,512,370,paper
1487,paper255.jpg,41,4,465,384,paper
1488,paper256.jpg,145,62,350,237,paper
1489,paper257.jpg,52,101,408,384,paper
1490,paper258.jpg,59,6,477,384,paper
1491,paper259.jpg,7,47,423,384,paper
1492,paper26.jpg,55,1,512,378,paper
1493,paper260.jpg,1,55,436,384,paper
1494,paper261.jpg,66,70,384,336,paper
1495,paper262.jpg,55,1,464,363,paper
1496,paper263.jpg,34,5,483,382,paper
1497,paper264.jpg,155,114,380,282,paper
1498,paper265.jpg,1,1,438,384,paper
1499,paper266.jpg,1,2,512,380,paper
1500,paper267.jpg,39,2,432,384,paper
1501,paper268.jpg,19,1,407,336,paper
1502,paper269.jpg,2,2,498,384,paper
1503,paper27.jpg,3,68,474,345,paper
1504,paper270.jpg,27,7,485,384,paper
1505,paper271.jpg,68,2,435,365,paper
1506,paper272.jpg,17,73,373,307,paper
1507,paper273.jpg,52,2,457,377,paper
1508,paper274.jpg,118,94,412,296,paper
1509,paper275.jpg,69,41,403,345,paper
1510,paper276.jpg,99,56,358,331,paper
1511,paper277.jpg,2,3,415,384,paper
1512,paper278.jpg,120,66,389,351,paper
1513,paper279.jpg,110,1,349,384,paper
1514,paper28.jpg,2,9,508,363,paper
1515,paper280.jpg,1,2,512,374,paper
1516,paper281.jpg,86,2,431,384,paper
1517,paper282.jpg,35,107,423,315,paper
1518,paper283.jpg,3,24,512,380,paper
1519,paper284.jpg,4,1,346,375,paper
1520,paper285.jpg,15,20,497,384,paper
1521,paper286.jpg,4,26,511,384,paper
1522,paper287.jpg,58,5,386,384,paper
1523,paper288.jpg,180,26,323,346,paper
1524,paper289.jpg,1,2,512,341,paper
1525,paper29.jpg,84,65,394,384,paper
1526,paper290.jpg,1,2,493,375,paper
1527,paper291.jpg,55,11,462,382,paper
1528,paper292.jpg,10,118,500,384,paper
1529,paper293.jpg,33,64,445,380,paper
1530,paper294.jpg,63,79,389,323,paper
1531,paper295.jpg,32,92,442,327,paper
1532,paper296.jpg,47,128,364,255,paper
1533,paper297.jpg,1,2,470,384,paper
1534,paper298.jpg,1,1,491,359,paper
1535,paper299.jpg,46,50,460,330,paper
1536,paper3.jpg,67,4,378,326,paper
1537,paper30.jpg,35,101,380,290,paper
1538,paper300.jpg,68,22,461,366,paper
1539,paper301.jpg,135,12,437,384,paper
1540,paper302.jpg,26,76,442,317,paper
1541,paper303.jpg,13,1,512,377,paper
1542,paper304.jpg,75,96,405,265,paper
1543,paper305.jpg,13,5,477,384,paper
1544,paper306.jpg,3,65,393,384,paper
1545,paper307.jpg,1,1,448,384,paper
1546,paper308.jpg,14,1,479,384,paper
1547,paper309.jpg,24,2,470,384,paper
1548,paper31.jpg,2,1,434,348,paper
1549,paper310.jpg,145,97,386,277,paper
1550,paper311.jpg,1,30,458,384,paper
1551,paper312.jpg,1,2,508,384,paper
1552,paper313.jpg,1,4,483,384,paper
1553,paper314.jpg,1,1,511,384,paper
1554,paper315.jpg,79,18,417,384,paper
1555,paper316.jpg,6,6,462,384,paper
1556,paper317.jpg,160,95,311,259,paper
1557,paper318.jpg,48,67,452,345,paper
1558,paper319.jpg,1,2,462,384,paper
1559,paper32.jpg,60,16,427,353,paper
1560,paper320.jpg,129,42,512,383,paper
1561,paper321.jpg,54,89,495,384,paper
1562,paper322.jpg,55,78,507,384,paper
1563,paper323.jpg,5,1,287,384,paper
1564,paper324.jpg,48,83,441,277,paper
1565,paper325.jpg,74,52,376,289,paper
1566,paper326.jpg,2,1,511,382,paper
1567,paper327.jpg,72,41,395,332,paper
1568,paper328.jpg,1,142,511,384,paper
1569,paper329.jpg,105,4,383,351,paper
1570,paper33.jpg,103,3,426,384,paper
1571,paper330.jpg,73,4,512,346,paper
1572,paper331.jpg,41,40,404,346,paper
1573,paper332.jpg,5,44,450,384,paper
1574,paper333.jpg,83,31,454,299,paper
1575,paper334.jpg,192,113,349,277,paper
1576,paper335.jpg,1,1,511,384,paper
1577,paper336.jpg,2,1,509,384,paper
1578,paper337.jpg,45,54,429,359,paper
1579,paper338.jpg,6,2,506,384,paper
1580,paper339.jpg,27,29,394,384,paper
1581,paper34.jpg,1,1,512,380,paper
1582,paper340.jpg,48,2,484,384,paper
1583,paper341.jpg,2,104,440,384,paper
1584,paper342.jpg,1,2,456,384,paper
1585,paper343.jpg,41,141,512,383,paper
1586,paper344.jpg,82,72,508,384,paper
1587,paper345.jpg,4,5,512,381,paper
1588,paper346.jpg,100,48,438,371,paper
1589,paper347.jpg,2,15,464,384,paper
1590,paper348.jpg,31,121,400,340,paper
1591,paper349.jpg,1,2,371,384,paper
1592,paper35.jpg,27,2,503,379,paper
1593,paper350.jpg,76,27,417,334,paper
1594,paper351.jpg,1,1,509,384,paper
1595,paper352.jpg,171,43,375,358,paper
1596,paper353.jpg,7,4,458,384,paper
1597,paper354.jpg,76,86,407,274,paper
1598,paper355.jpg,24,168,508,384,paper
1599,paper356.jpg,39,11,474,361,paper
1600,paper357.jpg,31,14,428,340,paper
1601,paper358.jpg,1,1,512,379,paper
1602,paper359.jpg,90,39,391,348,paper
1603,paper36.jpg,80,46,487,343,paper
1604,paper360.jpg,1,1,511,384,paper
1605,paper361.jpg,27,2,451,334,paper
1606,paper362.jpg,162,1,510,384,paper
1607,paper363.jpg,157,24,318,291,paper
1608,paper364.jpg,73,17,441,384,paper
1609,paper365.jpg,1,2,407,384,paper
1610,paper366.jpg,12,33,496,338,paper
1611,paper367.jpg,31,1,420,384,paper
1612,paper368.jpg,129,87,366,301,paper
1613,paper369.jpg,6,3,512,357,paper
1614,paper37.jpg,1,93,463,384,paper
1615,paper370.jpg,68,124,389,264,paper
1616,paper371.jpg,4,68,460,384,paper
1617,paper372.jpg,6,7,499,376,paper
1618,paper373.jpg,80,64,296,330,paper
1619,paper374.jpg,106,117,333,290,paper
1620,paper375.jpg,23,1,464,384,paper
1621,paper376.jpg,12,73,422,329,paper
1622,paper377.jpg,70,64,400,266,paper
1623,paper378.jpg,4,20,462,384,paper
1624,paper379.jpg,14,4,511,384,paper
1625,paper38.jpg,61,60,510,384,paper
1626,paper380.jpg,2,3,481,384,paper
1627,paper381.jpg,3,2,512,382,paper
1628,paper382.jpg,1,178,486,276,paper
1629,paper383.jpg,58,1,450,378,paper
1630,paper384.jpg,15,61,456,300,paper
1631,paper385.jpg,174,100,359,292,paper
1632,paper386.jpg,124,1,512,377,paper
1633,paper387.jpg,156,98,299,247,paper
1634,paper388.jpg,64,5,454,384,paper
1635,paper389.jpg,44,97,467,304,paper
1636,paper39.jpg,52,117,402,384,paper
1637,paper390.jpg,25,1,512,378,paper
1638,paper391.jpg,16,1,501,384,paper
1639,paper392.jpg,2,5,459,384,paper
1640,paper393.jpg,21,2,474,361,paper
1641,paper394.jpg,57,71,378,290,paper
1642,paper395.jpg,10,41,450,375,paper
1643,paper396.jpg,7,2,460,384,paper
1644,paper397.jpg,55,38,491,384,paper
1645,paper398.jpg,66,4,362,340,paper
1646,paper399.jpg,69,1,512,370,paper
1647,paper4.jpg,81,18,447,347,paper
1648,paper40.jpg,1,41,438,384,paper
1649,paper400.jpg,40,60,478,365,paper
1650,paper401.jpg,1,4,443,384,paper
1651,paper402.jpg,2,1,452,360,paper
1652,paper403.jpg,59,62,438,368,paper
1653,paper404.jpg,1,30,435,384,paper
1654,paper405.jpg,28,2,485,384,paper
1655,paper406.jpg,132,226,451,384,paper
1656,paper407.jpg,1,3,474,379,paper
1657,paper408.jpg,2,1,444,380,paper
1658,paper409.jpg,2,3,512,208,paper
1659,paper41.jpg,1,3,510,384,paper
1660,paper410.jpg,1,1,387,384,paper
1661,paper411.jpg,1,3,512,381,paper
1662,paper412.jpg,2,60,512,369,paper
1663,paper413.jpg,5,3,512,379,paper
1664,paper414.jpg,45,41,492,384,paper
1665,paper415.jpg,19,1,458,384,paper
1666,paper416.jpg,29,2,466,380,paper
1667,paper417.jpg,108,64,337,328,paper
1668,paper418.jpg,1,2,411,331,paper
1669,paper419.jpg,111,79,356,279,paper
1670,paper42.jpg,1,1,483,384,paper
1671,paper420.jpg,2,2,512,330,paper
1672,paper421.jpg,89,111,354,287,paper
1673,paper422.jpg,32,1,388,381,paper
1674,paper423.jpg,2,2,378,346,paper
1675,paper424.jpg,71,6,438,334,paper
1676,paper425.jpg,2,75,447,366,paper
1677,paper426.jpg,74,124,460,308,paper
1678,paper427.jpg,62,31,443,351,paper
1679,paper428.jpg,195,89,345,260,paper
1680,paper429.jpg,10,5,450,384,paper
1681,paper43.jpg,2,120,493,384,paper
1682,paper430.jpg,1,2,510,384,paper
1683,paper431.jpg,85,35,354,362,paper
1684,paper432.jpg,2,26,512,360,paper
1685,paper433.jpg,1,2,438,373,paper
1686,paper434.jpg,2,2,490,322,paper
1687,paper435.jpg,54,3,471,384,paper
1688,paper436.jpg,2,2,512,381,paper
1689,paper437.jpg,27,45,458,312,paper
1690,paper438.jpg,90,27,391,354,paper
1691,paper439.jpg,18,2,512,381,paper
1692,paper44.jpg,49,1,427,384,paper
1693,paper440.jpg,3,1,512,368,paper
1694,paper441.jpg,47,73,444,384,paper
1695,paper442.jpg,3,122,394,384,paper
1696,paper443.jpg,1,2,508,384,paper
1697,paper444.jpg,40,3,435,353,paper
1698,paper445.jpg,40,3,417,375,paper
1699,paper446.jpg,103,65,372,384,paper
1700,paper447.jpg,60,11,430,375,paper
1701,paper448.jpg,3,84,499,384,paper
1702,paper449.jpg,41,126,420,349,paper
1703,paper45.jpg,37,70,418,299,paper
1704,paper450.jpg,5,55,487,356,paper
1705,paper451.jpg,3,3,511,383,paper
1706,paper452.jpg,76,3,450,376,paper
1707,paper453.jpg,4,13,467,316,paper
1708,paper454.jpg,4,26,497,384,paper
1709,paper455.jpg,1,1,509,384,paper
1710,paper456.jpg,94,123,352,312,paper
1711,paper457.jpg,3,2,512,377,paper
1712,paper458.jpg,2,1,488,383,paper
1713,paper459.jpg,1,77,511,382,paper
1714,paper46.jpg,40,2,470,384,paper
1715,paper460.jpg,1,1,493,384,paper
1716,paper461.jpg,1,1,302,384,paper
1717,paper462.jpg,1,4,509,384,paper
1718,paper463.jpg,2,3,507,384,paper
1719,paper464.jpg,1,2,506,384,paper
1720,paper465.jpg,141,38,333,376,paper
1721,paper466.jpg,1,78,512,378,paper
1722,paper467.jpg,52,115,404,384,paper
1723,paper468.jpg,132,90,398,291,paper
1724,paper47.jpg,23,1,507,384,paper
1725,paper470.jpg,1,1,429,351,paper
1726,paper471.jpg,1,32,441,375,paper
1727,paper472.jpg,2,24,511,384,paper
1728,paper473.jpg,31,1,420,355,paper
1729,paper474.jpg,31,67,423,384,paper
1730,paper475.jpg,100,56,387,258,paper
1731,paper476.jpg,89,1,479,384,paper
1732,paper477.jpg,73,42,445,334,paper
1733,paper478.jpg,2,2,430,384,paper
1734,paper479.jpg,99,59,334,305,paper
1735,paper48.jpg,88,22,380,353,paper
1736,paper480.jpg,45,3,497,384,paper
1737,paper481.jpg,1,3,486,320,paper
1738,paper482.jpg,18,84,509,384,paper
1739,paper483.jpg,107,1,334,343,paper
1740,paper484.jpg,19,6,382,384,paper
1741,paper485.jpg,62,1,439,384,paper
1742,paper486.jpg,68,126,418,284,paper
1743,paper487.jpg,7,19,428,384,paper
1744,paper488.jpg,1,2,504,384,paper
1745,paper489.jpg,49,1,512,371,paper
1746,paper49.jpg,1,2,498,384,paper
1747,paper490.jpg,1,1,503,384,paper
1748,paper491.jpg,79,18,404,384,paper
1749,paper492.jpg,1,1,512,328,paper
1750,paper493.jpg,33,1,512,241,paper
1751,paper494.jpg,11,30,464,382,paper
1752,paper495.jpg,41,16,488,384,paper
1753,paper496.jpg,1,2,509,384,paper
1754,paper497.jpg,38,75,507,316,paper
1755,paper498.jpg,95,84,364,299,paper
1756,paper499.jpg,96,119,297,275,paper
1757,paper5.jpg,97,1,427,373,paper
1758,paper50.jpg,60,47,441,348,paper
1759,paper500.jpg,17,2,454,384,paper
1760,paper501.jpg,90,33,400,384,paper
1761,paper502.jpg,44,4,444,384,paper
1762,paper503.jpg,113,94,383,314,paper
1763,paper504.jpg,1,1,512,383,paper
1764,paper505.jpg,168,58,351,364,paper
1765,paper506.jpg,23,13,425,365,paper
1766,paper507.jpg,36,12,502,310,paper
1767,paper508.jpg,1,3,510,384,paper
1768,paper509.jpg,78,2,494,384,paper
1769,paper51.jpg,2,181,512,382,paper
1770,paper510.jpg,1,1,511,382,paper
1771,paper511.jpg,55,87,482,311,paper
1772,paper512.jpg,29,1,403,365,paper
1773,paper513.jpg,1,2,498,384,paper
1774,paper514.jpg,1,3,474,346,paper
1775,paper515.jpg,83,1,470,365,paper
1776,paper516.jpg,43,5,394,370,paper
1777,paper517.jpg,84,74,357,301,paper
1778,paper518.jpg,18,12,449,350,paper
1779,paper519.jpg,61,1,462,384,paper
1780,paper52.jpg,109,71,365,262,paper
1781,paper520.jpg,78,23,333,336,paper
1782,paper521.jpg,74,76,409,239,paper
1783,paper522.jpg,64,2,443,373,paper
1784,paper523.jpg,111,98,335,321,paper
1785,paper524.jpg,18,37,372,384,paper
1786,paper525.jpg,2,38,405,384,paper
1787,paper526.jpg,1,2,465,384,paper
1788,paper527.jpg,6,1,415,384,paper
1789,paper528.jpg,1,1,465,376,paper
1790,paper529.jpg,25,2,502,384,paper
1791,paper53.jpg,1,1,512,383,paper
1792,paper530.jpg,90,73,416,288,paper
1793,paper531.jpg,1,1,397,362,paper
1794,paper532.jpg,50,63,450,328,paper
1795,paper533.jpg,1,2,445,384,paper
1796,paper534.jpg,71,2,442,377,paper
1797,paper535.jpg,1,4,395,384,paper
1798,paper536.jpg,83,86,354,315,paper
1799,paper537.jpg,1,1,505,384,paper
1800,paper538.jpg,135,26,350,344,paper
1801,paper539.jpg,26,2,428,384,paper
1802,paper54.jpg,93,116,434,320,paper
1803,paper540.jpg,1,5,481,384,paper
1804,paper541.jpg,2,3,512,315,paper
1805,paper542.jpg,4,9,473,384,paper
1806,paper543.jpg,55,111,449,348,paper
1807,paper544.jpg,1,2,438,384,paper
1808,paper545.jpg,88,65,310,289,paper
1809,paper546.jpg,31,1,474,384,paper
1810,paper547.jpg,1,26,440,348,paper
1811,paper548.jpg,102,96,378,264,paper
1812,paper549.jpg,60,77,453,326,paper
1813,paper55.jpg,56,56,469,361,paper
1814,paper550.jpg,162,74,310,363,paper
1815,paper551.jpg,1,3,368,343,paper
1816,paper552.jpg,170,95,393,282,paper
1817,paper553.jpg,1,2,512,373,paper
1818,paper554.jpg,91,72,414,319,paper
1819,paper555.jpg,43,2,401,384,paper
1820,paper556.jpg,14,46,512,382,paper
1821,paper557.jpg,37,45,438,359,paper
1822,paper558.jpg,1,3,512,380,paper
1823,paper559.jpg,2,6,512,382,paper
1824,paper56.jpg,2,1,482,384,paper
1825,paper560.jpg,64,81,445,299,paper
1826,paper561.jpg,28,50,473,306,paper
1827,paper562.jpg,47,1,488,384,paper
1828,paper563.jpg,2,3,512,377,paper
1829,paper564.jpg,117,70,401,322,paper
1830,paper565.jpg,1,6,470,384,paper
1831,paper566.jpg,1,2,494,315,paper
1832,paper567.jpg,136,107,318,276,paper
1833,paper568.jpg,1,2,511,384,paper
1834,paper569.jpg,52,1,446,384,paper
1835,paper57.jpg,2,169,512,379,paper
1836,paper570.jpg,3,5,431,384,paper
1837,paper571.jpg,104,106,298,296,paper
1838,paper572.jpg,73,3,431,327,paper
1839,paper573.jpg,74,79,446,359,paper
1840,paper574.jpg,4,127,481,266,paper
1841,paper575.jpg,1,1,484,384,paper
1842,paper576.jpg,138,41,368,313,paper
1843,paper577.jpg,84,75,420,376,paper
1844,paper578.jpg,1,4,489,384,paper
1845,paper579.jpg,75,19,366,376,paper
1846,paper58.jpg,35,51,366,313,paper
1847,paper580.jpg,66,1,512,363,paper
1848,paper581.jpg,1,1,512,375,paper
1849,paper582.jpg,1,39,490,330,paper
1850,paper583.jpg,115,34,322,356,paper
1851,paper584.jpg,140,49,374,340,paper
1852,paper585.jpg,48,5,430,365,paper
1853,paper586.jpg,19,4,433,364,paper
1854,paper587.jpg,70,78,430,274,paper
1855,paper588.jpg,144,131,389,326,paper
1856,paper589.jpg,133,141,379,291,paper
1857,paper59.jpg,84,1,438,372,paper
1858,paper592.jpg,36,75,419,358,paper
1859,paper593.jpg,122,65,345,310,paper
1860,paper594.jpg,100,122,296,264,paper
1861,paper6.jpg,128,1,511,384,paper
1862,paper60.jpg,44,1,471,369,paper
1863,paper61.jpg,90,2,512,381,paper
1864,paper62.jpg,168,1,290,384,paper
1865,paper63.jpg,16,3,480,348,paper
1866,paper64.jpg,28,1,466,384,paper
1867,paper65.jpg,31,33,438,358,paper
1868,paper66.jpg,1,78,512,382,paper
1869,paper67.jpg,21,3,468,278,paper
1870,paper68.jpg,2,2,458,369,paper
1871,paper69.jpg,99,40,485,384,paper
1872,paper7.jpg,102,77,507,384,paper
1873,paper70.jpg,80,6,374,361,paper
1874,paper71.jpg,134,126,305,271,paper
1875,paper72.jpg,44,5,440,376,paper
1876,paper73.jpg,1,1,500,384,paper
1877,paper74.jpg,1,1,463,364,paper
1878,paper75.jpg,99,91,328,306,paper
1879,paper76.jpg,25,1,427,384,paper
1880,paper77.jpg,3,93,484,338,paper
1881,paper78.jpg,59,14,374,384,paper
1882,paper79.jpg,10,46,425,327,paper
1883,paper8.jpg,1,2,296,384,paper
1884,paper80.jpg,45,2,470,384,paper
1885,paper81.jpg,2,1,512,380,paper
1886,paper82.jpg,2,3,511,384,paper
1887,paper83.jpg,1,2,511,384,paper
1888,paper84.jpg,1,72,446,384,paper
1889,paper85.jpg,1,83,507,384,paper
1890,paper86.jpg,1,1,438,384,paper
1891,paper87.jpg,19,92,451,384,paper
1892,paper88.jpg,1,3,421,365,paper
1893,paper89.jpg,29,63,420,384,paper
1894,paper9.jpg,4,1,507,384,paper
1895,paper90.jpg,1,2,512,380,paper
1896,paper91.jpg,39,79,456,335,paper
1897,paper92.jpg,18,2,411,335,paper
1898,paper93.jpg,36,2,443,384,paper
1899,paper94.jpg,25,50,402,384,paper
1900,paper95.jpg,44,162,512,380,paper
1901,paper96.jpg,81,60,437,320,paper
1902,paper97.jpg,1,3,375,384,paper
1903,paper98.jpg,125,115,374,299,paper
1904,paper99.jpg,1,3,473,384,paper
1905,plastic1.jpg,107,106,429,287,plastic
1906,plastic10.jpg,172,130,312,255,plastic
1907,plastic100.jpg,192,62,396,384,plastic
1908,plastic101.jpg,25,1,418,319,plastic
1909,plastic102.jpg,170,93,345,269,plastic
1910,plastic103.jpg,94,1,498,384,plastic
1911,plastic104.jpg,194,65,402,384,plastic
1912,plastic105.jpg,188,43,436,384,plastic
1913,plastic106.jpg,1,110,499,305,plastic
1914,plastic107.jpg,129,52,393,316,plastic
1915,plastic108.jpg,78,1,448,271,plastic
1916,plastic109.jpg,6,141,449,321,plastic
1917,plastic11.jpg,163,145,337,230,plastic
1918,plastic110.jpg,1,80,423,315,plastic
1919,plastic111.jpg,1,1,414,383,plastic
1920,plastic114.jpg,1,1,273,381,plastic
1921,plastic115.jpg,1,1,511,383,plastic
1922,plastic116.jpg,55,39,512,342,plastic
1923,plastic117.jpg,1,61,430,384,plastic
1924,plastic118.jpg,18,1,512,383,plastic
1925,plastic119.jpg,1,1,508,384,plastic
1926,plastic12.jpg,171,63,318,287,plastic
1927,plastic120.jpg,1,14,430,363,plastic
1928,plastic121.jpg,28,50,355,378,plastic
1929,plastic122.jpg,210,1,353,318,plastic
1930,plastic123.jpg,3,18,420,384,plastic
1931,plastic124.jpg,1,35,485,348,plastic
1932,plastic125.jpg,1,10,512,365,plastic
1933,plastic126.jpg,206,6,422,329,plastic
1934,plastic127.jpg,226,85,473,271,plastic
1935,plastic128.jpg,47,207,503,374,plastic
1936,plastic129.jpg,68,180,354,338,plastic
1937,plastic13.jpg,139,95,429,277,plastic
1938,plastic130.jpg,94,103,385,316,plastic
1939,plastic131.jpg,116,108,309,300,plastic
1940,plastic132.jpg,1,21,357,384,plastic
1941,plastic133.jpg,1,2,512,339,plastic
1942,plastic134.jpg,66,110,498,292,plastic
1943,plastic135.jpg,157,92,339,268,plastic
1944,plastic136.jpg,126,108,299,304,plastic
1945,plastic137.jpg,28,17,512,383,plastic
1946,plastic138.jpg,117,106,351,246,plastic
1947,plastic139.jpg,1,145,465,384,plastic
1948,plastic14.jpg,53,1,442,305,plastic
1949,plastic140.jpg,64,1,439,384,plastic
1950,plastic141.jpg,87,5,464,365,plastic
1951,plastic142.jpg,96,1,331,367,plastic
1952,plastic143.jpg,26,1,459,369,plastic
1953,plastic144.jpg,1,1,486,383,plastic
1954,plastic145.jpg,39,147,489,294,plastic
1955,plastic146.jpg,1,1,511,172,plastic
1956,plastic147.jpg,71,41,411,335,plastic
1957,plastic148.jpg,41,101,405,384,plastic
1958,plastic149.jpg,1,1,512,383,plastic
1959,plastic15.jpg,58,65,451,327,plastic
1960,plastic150.jpg,153,149,369,254,plastic
1961,plastic151.jpg,46,111,485,289,plastic
1962,plastic152.jpg,2,1,511,290,plastic
1963,plastic153.jpg,188,108,292,261,plastic
1964,plastic154.jpg,195,147,284,220,plastic
1965,plastic155.jpg,1,1,436,384,plastic
1966,plastic156.jpg,1,1,510,384,plastic
1967,plastic157.jpg,165,77,510,384,plastic
1968,plastic158.jpg,13,1,447,284,plastic
1969,plastic159.jpg,1,28,512,383,plastic
1970,plastic16.jpg,1,1,390,341,plastic
1971,plastic160.jpg,1,1,453,384,plastic
1972,plastic161.jpg,10,1,468,333,plastic
1973,plastic162.jpg,1,2,511,197,plastic
1974,plastic163.jpg,24,51,387,323,plastic
1975,plastic164.jpg,1,88,479,384,plastic
1976,plastic165.jpg,17,130,496,334,plastic
1977,plastic166.jpg,1,1,397,294,plastic
1978,plastic167.jpg,150,17,327,344,plastic
1979,plastic168.jpg,36,5,434,378,plastic
1980,plastic169.jpg,10,128,483,276,plastic
1981,plastic17.jpg,112,89,373,342,plastic
1982,plastic170.jpg,112,112,301,289,plastic
1983,plastic171.jpg,76,38,426,347,plastic
1984,plastic172.jpg,51,87,365,287,plastic
1985,plastic173.jpg,109,64,383,330,plastic
1986,plastic174.jpg,115,70,385,263,plastic
1987,plastic175.jpg,24,1,512,338,plastic
1988,plastic176.jpg,153,145,257,284,plastic
1989,plastic177.jpg,109,153,249,239,plastic
1990,plastic178.jpg,122,145,255,231,plastic
1991,plastic179.jpg,148,130,206,187,plastic
1992,plastic18.jpg,24,1,480,337,plastic
1993,plastic180.jpg,168,170,229,233,plastic
1994,plastic181.jpg,156,128,280,246,plastic
1995,plastic182.jpg,171,162,291,279,plastic
1996,plastic183.jpg,95,126,297,294,plastic
1997,plastic184.jpg,141,67,385,323,plastic
1998,plastic185.jpg,169,25,277,305,plastic
1999,plastic186.jpg,1,1,511,384,plastic
2000,plastic187.jpg,14,91,311,278,plastic
2001,plastic188.jpg,54,86,357,298,plastic
2002,plastic189.jpg,45,98,477,300,plastic
2003,plastic19.jpg,149,84,330,259,plastic
2004,plastic190.jpg,1,38,511,384,plastic
2005,plastic191.jpg,182,132,512,347,plastic
2006,plastic192.jpg,81,1,479,370,plastic
2007,plastic193.jpg,49,50,460,297,plastic
2008,plastic194.jpg,28,1,512,352,plastic
2009,plastic195.jpg,175,100,512,383,plastic
2010,plastic196.jpg,1,1,358,328,plastic
2011,plastic197.jpg,20,57,476,289,plastic
2012,plastic198.jpg,8,1,479,382,plastic
2013,plastic199.jpg,140,14,386,374,plastic
2014,plastic2.jpg,19,107,476,263,plastic
2015,plastic20.jpg,83,28,380,349,plastic
2016,plastic200.jpg,207,97,382,384,plastic
2017,plastic201.jpg,88,2,468,374,plastic
2018,plastic202.jpg,68,92,462,267,plastic
2019,plastic203.jpg,58,1,409,384,plastic
2020,plastic204.jpg,1,1,511,369,plastic
2021,plastic205.jpg,1,34,383,353,plastic
2022,plastic206.jpg,54,112,471,384,plastic
2023,plastic207.jpg,1,2,464,350,plastic
2024,plastic208.jpg,100,118,512,342,plastic
2025,plastic209.jpg,125,48,421,384,plastic
2026,plastic21.jpg,78,97,511,308,plastic
2027,plastic210.jpg,1,1,408,384,plastic
2028,plastic211.jpg,33,1,464,308,plastic
2029,plastic212.jpg,81,1,485,373,plastic
2030,plastic213.jpg,113,27,362,321,plastic
2031,plastic214.jpg,13,58,512,383,plastic
2032,plastic215.jpg,143,145,479,384,plastic
2033,plastic216.jpg,34,7,511,384,plastic
2034,plastic217.jpg,255,154,512,349,plastic
2035,plastic218.jpg,28,1,512,338,plastic
2036,plastic219.jpg,94,43,430,384,plastic
2037,plastic22.jpg,168,50,413,286,plastic
2038,plastic220.jpg,109,79,502,332,plastic
2039,plastic221.jpg,183,49,512,383,plastic
2040,plastic222.jpg,210,194,460,384,plastic
2041,plastic223.jpg,97,1,512,383,plastic
2042,plastic224.jpg,32,26,476,319,plastic
2043,plastic225.jpg,1,75,510,384,plastic
2044,plastic226.jpg,7,57,450,354,plastic
2045,plastic227.jpg,66,11,487,303,plastic
2046,plastic228.jpg,119,7,432,319,plastic
2047,plastic229.jpg,163,57,359,259,plastic
2048,plastic23.jpg,180,110,345,261,plastic
2049,plastic230.jpg,41,112,398,289,plastic
2050,plastic231.jpg,1,1,499,336,plastic
2051,plastic232.jpg,127,108,512,362,plastic
2052,plastic233.jpg,135,140,384,384,plastic
2053,plastic234.jpg,77,106,436,290,plastic
2054,plastic235.jpg,47,1,512,357,plastic
2055,plastic236.jpg,112,61,426,269,plastic
2056,plastic237.jpg,64,99,463,325,plastic
2057,plastic238.jpg,1,28,512,383,plastic
2058,plastic239.jpg,66,1,395,255,plastic
2059,plastic24.jpg,211,2,512,187,plastic
2060,plastic240.jpg,38,29,438,287,plastic
2061,plastic241.jpg,1,95,474,308,plastic
2062,plastic242.jpg,57,106,460,384,plastic
2063,plastic243.jpg,1,61,512,383,plastic
2064,plastic244.jpg,5,76,484,365,plastic
2065,plastic245.jpg,95,35,419,333,plastic
2066,plastic246.jpg,1,1,512,328,plastic
2067,plastic247.jpg,98,109,488,384,plastic
2068,plastic248.jpg,23,10,409,369,plastic
2069,plastic249.jpg,104,47,368,293,plastic
2070,plastic25.jpg,1,1,511,382,plastic
2071,plastic250.jpg,1,2,420,315,plastic
2072,plastic251.jpg,1,70,483,226,plastic
2073,plastic252.jpg,81,118,467,384,plastic
2074,plastic253.jpg,44,1,406,309,plastic
2075,plastic254.jpg,12,106,512,383,plastic
2076,plastic255.jpg,150,39,444,384,plastic
2077,plastic256.jpg,186,103,362,282,plastic
2078,plastic257.jpg,4,105,512,291,plastic
2079,plastic258.jpg,140,21,512,383,plastic
2080,plastic259.jpg,158,46,411,296,plastic
2081,plastic26.jpg,188,101,356,260,plastic
2082,plastic260.jpg,212,48,512,305,plastic
2083,plastic261.jpg,64,2,399,323,plastic
2084,plastic262.jpg,157,105,460,384,plastic
2085,plastic263.jpg,117,1,479,384,plastic
2086,plastic264.jpg,99,131,512,383,plastic
2087,plastic265.jpg,149,1,335,250,plastic
2088,plastic266.jpg,81,87,370,244,plastic
2089,plastic267.jpg,39,1,512,285,plastic
2090,plastic268.jpg,1,87,512,383,plastic
2091,plastic269.jpg,112,110,433,316,plastic
2092,plastic27.jpg,47,26,453,295,plastic
2093,plastic270.jpg,142,46,392,295,plastic
2094,plastic271.jpg,91,103,494,384,plastic
2095,plastic272.jpg,12,99,512,320,plastic
2096,plastic273.jpg,78,1,476,353,plastic
2097,plastic274.jpg,179,50,354,384,plastic
2098,plastic275.jpg,115,83,408,299,plastic
2099,plastic276.jpg,164,78,351,383,plastic
2100,plastic277.jpg,151,1,387,286,plastic
2101,plastic278.jpg,178,99,399,384,plastic
2102,plastic279.jpg,1,1,506,345,plastic
2103,plastic28.jpg,132,1,511,383,plastic
2104,plastic280.jpg,40,80,497,324,plastic
2105,plastic281.jpg,1,109,511,384,plastic
2106,plastic282.jpg,1,1,488,382,plastic
2107,plastic283.jpg,61,1,430,328,plastic
2108,plastic284.jpg,24,1,511,384,plastic
2109,plastic285.jpg,89,39,507,384,plastic
2110,plastic286.jpg,69,41,426,384,plastic
2111,plastic287.jpg,68,98,452,251,plastic
2112,plastic288.jpg,171,33,425,384,plastic
2113,plastic289.jpg,145,1,360,384,plastic
2114,plastic29.jpg,181,21,512,382,plastic
2115,plastic290.jpg,213,149,492,384,plastic
2116,plastic291.jpg,1,72,459,308,plastic
2117,plastic292.jpg,80,57,468,278,plastic
2118,plastic293.jpg,151,1,448,351,plastic
2119,plastic294.jpg,191,102,384,280,plastic
2120,plastic295.jpg,149,78,353,384,plastic
2121,plastic296.jpg,23,122,509,300,plastic
2122,plastic297.jpg,1,37,372,375,plastic
2123,plastic298.jpg,33,67,446,227,plastic
2124,plastic299.jpg,100,71,385,384,plastic
2125,plastic3.jpg,105,74,387,281,plastic
2126,plastic30.jpg,30,1,436,297,plastic
2127,plastic300.jpg,30,101,460,278,plastic
2128,plastic301.jpg,145,120,490,384,plastic
2129,plastic302.jpg,53,129,512,337,plastic
2130,plastic303.jpg,232,182,386,384,plastic
2131,plastic304.jpg,1,36,153,384,plastic
2132,plastic305.jpg,51,1,481,311,plastic
2133,plastic306.jpg,113,1,404,321,plastic
2134,plastic307.jpg,128,18,391,291,plastic
2135,plastic308.jpg,132,56,403,384,plastic
2136,plastic309.jpg,250,122,512,383,plastic
2137,plastic31.jpg,173,43,401,271,plastic
2138,plastic310.jpg,1,1,511,339,plastic
2139,plastic311.jpg,33,134,389,384,plastic
2140,plastic312.jpg,108,2,512,383,plastic
2141,plastic313.jpg,99,68,427,279,plastic
2142,plastic314.jpg,54,8,393,370,plastic
2143,plastic315.jpg,118,72,396,282,plastic
2144,plastic316.jpg,95,127,449,384,plastic
2145,plastic317.jpg,134,35,420,315,plastic
2146,plastic318.jpg,57,1,398,336,plastic
2147,plastic319.jpg,43,40,453,317,plastic
2148,plastic32.jpg,106,1,430,367,plastic
2149,plastic320.jpg,1,1,512,376,plastic
2150,plastic321.jpg,74,102,482,384,plastic
2151,plastic322.jpg,66,1,453,327,plastic
2152,plastic323.jpg,146,49,413,314,plastic
2153,plastic324.jpg,157,40,477,384,plastic
2154,plastic325.jpg,121,63,348,384,plastic
2155,plastic326.jpg,57,51,444,312,plastic
2156,plastic327.jpg,193,158,399,384,plastic
2157,plastic328.jpg,98,16,447,367,plastic
2158,plastic329.jpg,94,1,452,345,plastic
2159,plastic33.jpg,91,70,373,350,plastic
2160,plastic330.jpg,48,1,440,384,plastic
2161,plastic331.jpg,130,118,465,257,plastic
2162,plastic333.jpg,94,1,444,345,plastic
2163,plastic334.jpg,38,50,466,231,plastic
2164,plastic335.jpg,140,63,490,384,plastic
2165,plastic336.jpg,146,69,344,249,plastic
2166,plastic337.jpg,64,1,460,294,plastic
2167,plastic338.jpg,91,84,215,263,plastic
2168,plastic339.jpg,87,35,492,384,plastic
2169,plastic34.jpg,230,1,362,253,plastic
2170,plastic340.jpg,38,92,488,355,plastic
2171,plastic341.jpg,156,1,512,285,plastic
2172,plastic342.jpg,174,63,471,384,plastic
2173,plastic343.jpg,13,138,511,384,plastic
2174,plastic344.jpg,1,29,512,383,plastic
2175,plastic345.jpg,123,74,464,384,plastic
2176,plastic346.jpg,34,118,453,273,plastic
2177,plastic347.jpg,117,1,512,383,plastic
2178,plastic348.jpg,139,68,352,282,plastic
2179,plastic349.jpg,204,9,512,370,plastic
2180,plastic35.jpg,198,97,403,303,plastic
2181,plastic350.jpg,219,47,423,384,plastic
2182,plastic351.jpg,56,109,476,309,plastic
2183,plastic352.jpg,3,1,391,384,plastic
2184,plastic353.jpg,128,106,413,222,plastic
2185,plastic354.jpg,92,30,512,383,plastic
2186,plastic355.jpg,91,74,511,384,plastic
2187,plastic356.jpg,152,1,370,338,plastic
2188,plastic357.jpg,142,129,456,384,plastic
2189,plastic358.jpg,34,158,473,299,plastic
2190,plastic359.jpg,76,131,416,268,plastic
2191,plastic36.jpg,30,50,472,350,plastic
2192,plastic360.jpg,105,98,404,253,plastic
2193,plastic361.jpg,148,118,358,293,plastic
2194,plastic362.jpg,191,1,512,230,plastic
2195,plastic363.jpg,111,120,317,292,plastic
2196,plastic364.jpg,1,1,512,383,plastic
2197,plastic365.jpg,113,42,475,384,plastic
2198,plastic366.jpg,50,25,474,384,plastic
2199,plastic367.jpg,181,1,443,337,plastic
2200,plastic368.jpg,1,1,512,383,plastic
2201,plastic369.jpg,99,1,511,384,plastic
2202,plastic37.jpg,2,50,512,346,plastic
2203,plastic370.jpg,64,117,454,267,plastic
2204,plastic371.jpg,122,1,453,384,plastic
2205,plastic372.jpg,213,1,512,262,plastic
2206,plastic373.jpg,136,35,456,293,plastic
2207,plastic374.jpg,73,106,446,232,plastic
2208,plastic375.jpg,75,138,431,354,plastic
2209,plastic376.jpg,44,78,475,384,plastic
2210,plastic377.jpg,119,21,382,288,plastic
2211,plastic378.jpg,252,21,403,375,plastic
2212,plastic379.jpg,88,90,454,246,plastic
2213,plastic38.jpg,136,79,511,383,plastic
2214,plastic380.jpg,82,101,396,304,plastic
2215,plastic381.jpg,68,101,450,251,plastic
2216,plastic382.jpg,17,56,486,249,plastic
2217,plastic383.jpg,112,133,452,263,plastic
2218,plastic384.jpg,137,1,422,349,plastic
2219,plastic385.jpg,150,64,376,293,plastic
2220,plastic386.jpg,123,104,414,244,plastic
2221,plastic387.jpg,1,1,495,384,plastic
2222,plastic388.jpg,1,22,493,382,plastic
2223,plastic389.jpg,231,103,511,384,plastic
2224,plastic39.jpg,1,78,512,383,plastic
2225,plastic390.jpg,1,1,429,383,plastic
2226,plastic391.jpg,174,28,512,383,plastic
2227,plastic392.jpg,70,45,378,302,plastic
2228,plastic393.jpg,34,146,430,286,plastic
2229,plastic394.jpg,160,2,338,279,plastic
2230,plastic395.jpg,53,51,496,243,plastic
2231,plastic396.jpg,1,43,496,384,plastic
2232,plastic397.jpg,97,104,395,279,plastic
2233,plastic398.jpg,99,60,372,334,plastic
2234,plastic399.jpg,158,74,363,280,plastic
2235,plastic4.jpg,93,60,372,300,plastic
2236,plastic40.jpg,1,1,428,322,plastic
2237,plastic400.jpg,64,100,458,384,plastic
2238,plastic401.jpg,96,137,406,253,plastic
2239,plastic402.jpg,1,129,430,384,plastic
2240,plastic403.jpg,76,10,390,384,plastic
2241,plastic404.jpg,77,32,336,384,plastic
2242,plastic405.jpg,1,1,512,383,plastic
2243,plastic406.jpg,139,133,360,384,plastic
2244,plastic407.jpg,124,1,451,384,plastic
2245,plastic408.jpg,1,1,512,383,plastic
2246,plastic409.jpg,103,105,462,282,plastic
2247,plastic41.jpg,113,54,373,311,plastic
2248,plastic410.jpg,186,28,512,383,plastic
2249,plastic411.jpg,195,112,512,364,plastic
2250,plastic412.jpg,87,95,373,263,plastic
2251,plastic413.jpg,171,1,417,279,plastic
2252,plastic414.jpg,67,104,362,384,plastic
2253,plastic415.jpg,180,145,436,384,plastic
2254,plastic416.jpg,1,93,460,384,plastic
2255,plastic417.jpg,55,1,479,323,plastic
2256,plastic418.jpg,59,85,434,384,plastic
2257,plastic419.jpg,186,1,393,335,plastic
2258,plastic42.jpg,113,12,511,342,plastic
2259,plastic420.jpg,297,83,495,384,plastic
2260,plastic421.jpg,77,115,421,276,plastic
2261,plastic422.jpg,24,117,511,384,plastic
2262,plastic423.jpg,62,1,417,320,plastic
2263,plastic424.jpg,34,5,512,383,plastic
2264,plastic425.jpg,106,51,450,333,plastic
2265,plastic426.jpg,155,89,394,330,plastic
2266,plastic427.jpg,150,104,351,309,plastic
2267,plastic428.jpg,67,73,409,307,plastic
2268,plastic429.jpg,16,1,512,334,plastic
2269,plastic43.jpg,238,115,398,280,plastic
2270,plastic430.jpg,158,42,512,382,plastic
2271,plastic431.jpg,143,122,443,285,plastic
2272,plastic432.jpg,156,120,476,384,plastic
2273,plastic433.jpg,109,94,423,295,plastic
2274,plastic434.jpg,56,1,358,285,plastic
2275,plastic435.jpg,119,1,413,345,plastic
2276,plastic436.jpg,1,18,503,373,plastic
2277,plastic437.jpg,12,87,511,384,plastic
2278,plastic438.jpg,139,53,512,374,plastic
2279,plastic439.jpg,205,85,395,384,plastic
2280,plastic44.jpg,146,17,426,355,plastic
2281,plastic440.jpg,128,66,495,384,plastic
2282,plastic441.jpg,83,60,356,314,plastic
2283,plastic442.jpg,1,1,503,236,plastic
2284,plastic443.jpg,101,1,469,371,plastic
2285,plastic444.jpg,190,60,512,383,plastic
2286,plastic445.jpg,150,137,439,384,plastic
2287,plastic446.jpg,101,1,395,302,plastic
2288,plastic447.jpg,106,89,434,233,plastic
2289,plastic448.jpg,113,128,399,294,plastic
2290,plastic449.jpg,139,93,400,341,plastic
2291,plastic45.jpg,153,137,439,384,plastic
2292,plastic450.jpg,33,132,331,290,paper
2293,plastic451.jpg,124,104,396,305,plastic
2294,plastic452.jpg,209,155,382,273,plastic
2295,plastic453.jpg,95,112,333,318,plastic
2296,plastic454.jpg,96,88,329,265,plastic
2297,plastic455.jpg,82,22,472,371,plastic
2298,plastic456.jpg,34,80,393,382,plastic
2299,plastic457.jpg,201,1,498,363,plastic
2300,plastic458.jpg,119,128,350,258,plastic
2301,plastic459.jpg,104,51,345,366,plastic
2302,plastic46.jpg,111,126,511,384,plastic
2303,plastic460.jpg,53,88,286,384,plastic
2304,plastic461.jpg,66,86,324,351,plastic
2305,plastic462.jpg,89,159,397,334,plastic
2306,plastic463.jpg,180,143,377,384,plastic
2307,plastic464.jpg,102,1,450,384,plastic
2308,plastic465.jpg,152,1,406,294,plastic
2309,plastic466.jpg,145,138,332,340,plastic
2310,plastic467.jpg,178,7,356,216,plastic
2311,plastic468.jpg,33,99,477,263,plastic
2312,plastic469.jpg,1,82,308,355,plastic
2313,plastic47.jpg,109,130,380,225,plastic
2314,plastic470.jpg,67,40,365,316,plastic
2315,plastic471.jpg,77,12,375,350,plastic
2316,plastic472.jpg,17,78,472,371,plastic
2317,plastic473.jpg,231,35,413,362,plastic
2318,plastic474.jpg,116,324,495,384,plastic
2319,plastic475.jpg,105,97,247,384,plastic
2320,plastic476.jpg,208,90,274,298,plastic
2321,plastic477.jpg,104,89,396,282,plastic
2322,plastic478.jpg,143,36,370,333,plastic
2323,plastic479.jpg,191,53,350,309,plastic
2324,plastic48.jpg,228,2,512,374,plastic
2325,plastic480.jpg,211,159,378,384,plastic
2326,plastic481.jpg,227,184,340,240,plastic
2327,plastic482.jpg,212,153,293,277,plastic
2328,plastic49.jpg,33,106,466,274,plastic
2329,plastic5.jpg,173,57,296,295,plastic
2330,plastic50.jpg,62,2,447,360,plastic
2331,plastic51.jpg,40,99,327,384,plastic
2332,plastic52.jpg,147,88,363,304,plastic
2333,plastic53.jpg,65,30,482,384,plastic
2334,plastic54.jpg,1,1,511,383,plastic
2335,plastic55.jpg,1,2,377,384,plastic
2336,plastic56.jpg,113,20,432,330,plastic
2337,plastic57.jpg,172,71,481,384,plastic
2338,plastic58.jpg,200,79,483,384,plastic
2339,plastic59.jpg,48,1,454,309,plastic
2340,plastic6.jpg,101,47,326,341,plastic
2341,plastic60.jpg,46,156,416,280,plastic
2342,plastic61.jpg,141,44,448,348,plastic
2343,plastic62.jpg,120,24,397,384,plastic
2344,plastic63.jpg,122,88,404,368,plastic
2345,plastic64.jpg,73,48,411,281,plastic
2346,plastic65.jpg,104,143,330,384,plastic
2347,plastic66.jpg,27,1,512,314,plastic
2348,plastic67.jpg,43,62,464,384,plastic
2349,plastic68.jpg,130,1,512,274,plastic
2350,plastic69.jpg,20,40,435,270,plastic
2351,plastic7.jpg,50,96,321,283,plastic
2352,plastic70.jpg,1,157,435,384,plastic
2353,plastic71.jpg,38,38,462,308,plastic
2354,plastic72.jpg,143,32,400,286,plastic
2355,plastic73.jpg,183,47,343,384,plastic
2356,plastic74.jpg,106,2,474,384,plastic
2357,plastic75.jpg,143,1,432,298,plastic
2358,plastic76.jpg,179,97,397,309,plastic
2359,plastic77.jpg,149,23,450,320,plastic
2360,plastic78.jpg,1,78,512,382,plastic
2361,plastic79.jpg,1,1,451,382,plastic
2362,plastic8.jpg,138,52,422,329,plastic
2363,plastic80.jpg,63,82,478,320,plastic
2364,plastic81.jpg,1,1,391,382,plastic
2365,plastic82.jpg,56,1,512,382,plastic
2366,plastic83.jpg,177,1,512,293,plastic
2367,plastic84.jpg,155,1,512,383,plastic
2368,plastic85.jpg,216,34,486,302,plastic
2369,plastic86.jpg,1,100,511,384,plastic
2370,plastic87.jpg,1,1,512,308,plastic
2371,plastic88.jpg,113,4,477,384,plastic
2372,plastic89.jpg,59,57,512,383,plastic
2373,plastic9.jpg,167,146,321,243,plastic
2374,plastic90.jpg,152,53,409,313,plastic
2375,plastic91.jpg,209,40,395,384,plastic
2376,plastic92.jpg,1,52,511,384,plastic
2377,plastic93.jpg,136,74,399,384,plastic
2378,plastic94.jpg,71,124,454,279,plastic
2379,plastic95.jpg,1,87,511,312,plastic
2380,plastic96.jpg,119,79,452,275,plastic
2381,plastic97.jpg,68,58,348,315,plastic
2382,plastic98.jpg,136,60,368,290,plastic
2383,plastic99.jpg,67,53,309,272,plastic
2384,trash1.jpg,164,39,424,348,trash
2385,trash10.jpg,160,51,314,293,trash
2386,trash100.jpg,71,60,512,340,trash
2387,trash101.jpg,219,100,404,246,trash
2388,trash102.jpg,143,2,511,384,trash
2389,trash103.jpg,173,1,429,372,trash
2390,trash104.jpg,193,109,346,277,trash
2391,trash105.jpg,112,78,401,255,trash
2392,trash106.jpg,4,7,410,384,trash
2393,trash107.jpg,2,63,134,384,trash
2394,trash108.jpg,66,48,424,384,trash
2395,trash109.jpg,84,69,348,351,trash
2396,trash11.jpg,4,2,506,377,trash
2397,trash110.jpg,135,118,469,382,trash
2398,trash111.jpg,66,103,346,349,trash
2399,trash112.jpg,47,75,433,381,trash
2400,trash113.jpg,41,62,336,348,trash
2401,trash114.jpg,124,78,268,301,trash
2402,trash115.jpg,178,21,420,312,trash
2403,trash116.jpg,82,52,437,323,trash
2404,trash117.jpg,87,109,382,294,trash
2405,trash118.jpg,107,36,447,355,trash
2406,trash119.jpg,116,96,303,285,trash
2407,trash12.jpg,165,77,438,333,trash
2408,trash120.jpg,112,105,313,280,trash
2409,trash121.jpg,176,152,297,309,trash
2410,trash122.jpg,259,144,368,258,trash
2411,trash123.jpg,198,83,360,316,trash
2412,trash124.jpg,109,45,374,348,trash
2413,trash125.jpg,145,94,330,301,trash
2414,trash126.jpg,163,113,322,274,trash
2415,trash127.jpg,148,188,269,228,trash
2416,trash128.jpg,196,158,311,274,trash
2417,trash129.jpg,134,109,411,294,trash
2418,trash13.jpg,130,1,410,335,trash
2419,trash130.jpg,222,33,304,336,trash
2420,trash131.jpg,192,36,284,347,trash
2421,trash132.jpg,176,111,288,262,trash
2422,trash133.jpg,212,162,325,251,trash
2423,trash134.jpg,130,130,451,325,trash
2424,trash135.jpg,43,54,435,346,trash
2425,trash136.jpg,74,78,341,341,trash
2426,trash137.jpg,174,105,393,300,trash
2427,trash14.jpg,128,232,143,244,trash
2428,trash15.jpg,157,86,379,274,trash
2429,trash16.jpg,67,1,512,382,trash
2430,trash17.jpg,1,28,455,384,trash
2431,trash18.jpg,3,5,476,384,trash
2432,trash19.jpg,191,61,391,307,trash
2433,trash2.jpg,146,83,425,276,trash
2434,trash20.jpg,142,61,509,384,trash
2435,trash21.jpg,73,80,403,235,trash
2436,trash22.jpg,198,54,356,304,trash
2437,trash23.jpg,88,13,481,333,trash
2438,trash24.jpg,141,19,496,384,trash
2439,trash25.jpg,184,1,360,384,trash
2440,trash26.jpg,194,117,420,327,trash
2441,trash27.jpg,125,159,437,260,trash
2442,trash28.jpg,114,57,419,363,trash
2443,trash29.jpg,47,26,498,311,trash
2444,trash3.jpg,7,16,506,368,trash
2445,trash30.jpg,148,2,451,320,trash
2446,trash31.jpg,94,65,444,304,trash
2447,trash32.jpg,140,55,337,278,trash
2448,trash33.jpg,56,35,500,323,trash
2449,trash34.jpg,134,59,385,314,trash
2450,trash35.jpg,160,37,409,285,trash
2451,trash36.jpg,118,30,481,338,trash
2452,trash37.jpg,100,4,453,321,trash
2453,trash38.jpg,209,67,369,308,trash
2454,trash39.jpg,146,91,383,292,trash
2455,trash4.jpg,70,74,458,384,trash
2456,trash40.jpg,124,78,408,317,trash
2457,trash41.jpg,122,61,370,329,trash
2458,trash42.jpg,93,1,499,384,trash
2459,trash43.jpg,141,136,355,266,trash
2460,trash44.jpg,165,73,373,312,trash
2461,trash45.jpg,115,76,447,375,trash
2462,trash46.jpg,5,9,463,384,trash
2463,trash47.jpg,97,2,388,363,trash
2464,trash48.jpg,199,75,359,309,trash
2465,trash49.jpg,157,56,427,365,trash
2466,trash5.jpg,54,4,440,365,trash
2467,trash50.jpg,180,122,431,359,trash
2468,trash51.jpg,236,61,358,354,trash
2469,trash52.jpg,29,65,512,366,trash
2470,trash53.jpg,85,132,293,325,trash
2471,trash54.jpg,2,1,512,340,trash
2472,trash55.jpg,194,69,377,254,trash
2473,trash56.jpg,93,5,390,373,trash
2474,trash57.jpg,86,68,362,320,trash
2475,trash58.jpg,68,5,512,382,trash
2476,trash59.jpg,91,19,353,384,trash
2477,trash6.jpg,150,82,412,312,trash
2478,trash60.jpg,132,37,348,295,trash
2479,trash61.jpg,313,195,323,205,trash
2480,trash62.jpg,169,105,327,295,trash
2481,trash63.jpg,114,20,447,370,trash
2482,trash64.jpg,241,27,415,316,trash
2483,trash65.jpg,53,3,460,384,trash
2484,trash66.jpg,63,23,459,348,trash
2485,trash67.jpg,31,6,475,378,trash
2486,trash68.jpg,212,98,369,308,trash
2487,trash69.jpg,83,41,356,309,trash
2488,trash7.jpg,218,140,352,263,trash
2489,trash70.jpg,2,3,498,377,trash
2490,trash71.jpg,156,51,415,342,trash
2491,trash72.jpg,111,93,421,338,trash
2492,trash73.jpg,103,5,366,384,trash
2493,trash74.jpg,121,51,512,329,trash
2494,trash75.jpg,133,77,353,306,trash
2495,trash76.jpg,338,200,355,218,trash
2496,trash77.jpg,160,18,474,275,trash
2497,trash78.jpg,81,108,427,300,trash
2498,trash79.jpg,146,69,352,304,trash
2499,trash8.jpg,77,69,486,339,trash
2500,trash80.jpg,186,80,375,274,trash
2501,trash81.jpg,114,42,399,384,trash
2502,trash82.jpg,70,8,344,384,trash
2503,trash83.jpg,181,66,377,263,trash
2504,trash84.jpg,16,29,441,384,trash
2505,trash85.jpg,181,107,388,293,trash
2506,trash86.jpg,94,39,355,384,trash
2507,trash87.jpg,75,44,376,375,trash
2508,trash88.jpg,84,15,403,321,trash
2509,trash89.jpg,114,4,401,375,trash
2510,trash9.jpg,136,75,394,286,trash
2511,trash90.jpg,59,26,354,332,trash
2512,trash91.jpg,2,3,476,381,trash
2513,trash92.jpg,140,137,156,149,trash
2514,trash93.jpg,205,3,500,384,trash
2515,trash94.jpg,188,85,395,301,trash
2516,trash95.jpg,174,122,338,256,trash
2517,trash96.jpg,7,65,509,384,trash
2518,trash97.jpg,148,61,439,372,trash
2519,trash98.jpg,74,50,434,363,trash
2520,trash99.jpg,191,53,321,305,trash
